CustomerID,Recency,Frequency,Monetary,TenureDays
12346,332,2,5342.4,0
12347,8,7,431501.0,365
12348,81,4,82378.47,282
12349,25,1,176075.12,0
12350,316,1,48173.37,0
12352,42,11,241567.46,260
12353,210,1,4357.89,0
12354,238,1,161522.49,0
12355,220,1,37648.28,0
12356,29,3,161617.98,302
12357,39,1,366359.39999999997,0
12358,8,2,39673.670000000006,149
12359,14,6,672864.29,323
12360,58,3,306242.38,148
12361,293,1,30437.8,0
12362,9,13,688511.11,292
12363,116,2,53756.56,132
12364,14,4,215049.54,104
12365,297,3,59638.3,0
12367,10,1,25839.440000000002,0
12370,57,4,417753.02999999997,309
12371,51,2,167307.32,14
12372,78,3,115169.81,224
12373,317,1,28312.370000000003,0
12374,31,1,66577.75,0
12375,9,3,36360.4,95
12377,321,2,164885.7,39
12378,136,1,604145.45,0
12379,88,3,105708.76,88
12380,28,5,283392.46,164
12381,11,6,206368.76,115
12383,191,6,222610.77,167
12384,35,3,66557.46,92
12386,344,2,28316.56,29
12388,22,6,252667.99,311
12390,86,1,66785.3,0
12391,28,1,253598.89,0
12393,78,4,178735.91,260
12394,70,2,60148.57,153
12395,22,15,427347.96,355
12397,42,2,278068.08999999997,99
12398,52,1,204266.06,0
12399,125,4,158016.72,142
12401,309,1,17283.4,0
12402,329,1,36552.16,0
12403,56,2,13749.32,0
12405,155,1,122187.79000000001,0
12406,28,3,310029.79,161
12407,56,5,186352.68,214
12408,39,9,253373.33,227
12409,85,7,324698.54,103
12410,307,3,61744.66,7
12412,81,3,159888.55000000002,94
12413,73,5,109854.74,270
12414,223,3,55774.39,93
12415,30,26,1944187.0,313
12417,9,12,532728.74,354
12418,119,1,108728.73,0
12420,70,1,60791.87,0
12421,22,5,120314.6,303
12422,102,3,89740.0,229
12423,7,9,299025.94,352
12424,169,2,66385.45,0
12425,84,1,101635.55,0
12426,201,1,64423.78,0
12427,18,5,105999.6,360
12428,32,12,780310.63,257
12429,15,4,219920.34,356
12430,49,1,13697.39,0
12431,42,18,541433.7,338
12432,49,5,306154.57,129
12433,7,7,1041010.62,372
12434,91,4,152672.79,276
12435,86,2,101148.54,188
12436,106,1,37832.96,0
12437,8,19,517110.85,329
12438,20,2,272767.92,125
12441,373,1,40781.32,0
12442,9,1,21563.65,0
12444,27,5,456209.69,149
12445,28,1,9383.41,0
12446,64,1,112599.03,0
12447,249,1,66037.09,0
12448,50,1,55133.65,0
12449,28,4,445251.36,164
12450,162,2,20098.9,17
12451,17,6,817653.44,313
12452,23,3,42101.1,0
12453,140,1,119409.38,0
12454,59,2,82346.66,2
12455,79,6,229091.6,223
12456,50,4,382840.43,210
12457,64,12,179996.08,180
12458,77,2,87334.81,213
12461,100,2,93725.56999999999,60
12462,8,4,196093.01,300
12463,52,7,247879.52,195
12464,16,8,60952.03,299
12465,14,3,111615.44,161
12468,149,3,104308.31,173
12471,8,49,1351390.04,370
12472,37,13,927503.2,342
12473,35,9,467491.63,162
12474,23,30,1198462.21,351
12475,60,1,82538.12,0
12476,7,20,671115.8,359
12477,29,9,799397.41,288
12478,10,1,100444.79,0
12479,10,3,99937.72,7
12480,34,4,390183.74,307
12481,29,11,567524.67,342
12483,23,13,198902.62,322
12484,39,8,856352.98,303
12488,16,3,116253.34,65
12489,342,1,30462.03,0
12490,11,10,630004.55,324
12491,45,1,58867.68,0
12492,69,2,45247.52,42
12493,172,3,58920.39,31
12494,16,13,214807.05,355
12497,88,1,46060.87,0
12498,27,3,55777.82,36
12500,29,13,159061.43,310
12501,321,2,432544.63,21
12502,102,5,369357.34,214
12503,344,1,984.5999999999999,0
12504,24,4,43814.619999999995,12
12505,307,1,4735.36,0
12506,239,1,66333.0,0
12507,140,4,56400.76,164
12508,32,2,172952.53,2
12509,290,1,33776.46,0
12510,149,2,77315.62,182
12512,72,2,64773.0,0
12513,91,2,96874.05,28
12514,273,1,108784.52,0
12515,359,1,26832.8,0
12516,84,2,63849.31,102
12517,34,6,751369.44,161
12518,7,5,340254.36,109
12519,70,1,45401.06,0
12520,85,6,455111.95,194
12521,149,1,91236.31999999999,0
12522,45,2,31564.38,12
12523,8,13,257626.78,330
12524,15,8,389618.3,324
12526,7,3,165732.83,93
12527,88,3,57273.36,243
12528,15,8,241009.11,303
12530,66,5,167080.12,277
12531,21,1,37309.4,0
12532,36,1,36965.63,0
12534,137,1,145122.73,0
12535,98,2,76617.2,94
12536,14,5,655384.95,51
12538,35,1,49731.35,0
12539,28,5,644016.77,311
12540,26,19,1123549.76,342
12541,36,3,118408.69,251
12544,36,2,57648.64,6
12545,81,2,130607.94,184
12546,53,3,177828.01,31
12547,204,2,25398.379999999997,82
12548,172,1,16300.9,0
12550,85,1,138743.17,0
12551,364,1,25556.19,0
12552,45,2,43372.18,0
12553,14,14,521494.22,321
12556,56,2,346168.37,100
12557,22,5,66441.35,355
12558,8,2,50578.490000000005,5
12559,317,3,57244.44,8
12560,11,4,271122.07,137
12561,309,1,68068.38,0
12562,14,7,489463.93,190
12564,267,1,51285.32,0
12565,288,2,25933.36,7
12566,79,2,56563.92,13
12567,29,11,1236543.23,346
12569,8,35,477301.68,250
12571,46,2,71284.35,81
12572,15,3,145601.35,43
12573,233,1,61040.44,0
12574,322,1,33392.729999999996,0
12576,42,6,207386.9,268
12577,41,4,337343.36,323
12578,27,4,298317.01,317
12579,79,3,80314.2,4
12580,253,1,48780.4,0
12581,46,1,39834.61,0
12582,245,2,44363.11,49
12583,9,18,547510.4,370
12584,10,18,327275.04,276
12585,240,4,219493.55,117
12586,23,2,32467.56,351
12587,14,1,6867.8099999999995,0
12588,45,1,21605.08,0
12589,35,2,90281.64,115
12590,196,3,150441.71,20
12591,323,1,57861.55,0
12592,98,2,35188.38,121
12593,115,3,48952.350000000006,110
12594,44,11,343717.22000000003,285
12596,57,2,64399.53,190
12597,25,5,491017.15,248
12598,16,9,341431.71,275
12599,35,7,132408.76,275
12600,35,11,154047.48,342
12601,196,6,62897.549999999996,142
12602,65,1,28803.26,0
12603,28,1,11580.1,0
12604,85,2,44911.65,182
12605,371,1,12564.19,0
12607,64,2,525145.58,2
12609,84,3,136117.68,240
12610,29,7,281371.79,103
12611,58,1,166484.01,0
12612,64,2,66564.72,16
12613,37,6,410409.81,230
12614,284,1,59353.61,0
12615,8,4,277978.14,166
12616,91,5,91167.76,212
12617,35,1,125568.03,0
12618,28,1,25677.489999999998,0
12619,22,13,257918.54,237
12620,21,3,214184.98,189
12621,8,23,1116093.13,364
12622,238,1,30729.21,0
12623,282,1,42649.520000000004,0
12624,112,2,123962.13,71
12625,218,3,248436.17,107
12626,29,13,788897.17,303
12627,17,7,557073.51,129
12628,10,4,129261.39,60
12630,16,2,176365.88,34
12631,63,1,61220.32,0
12633,65,5,274962.28,229
12635,96,2,251521.74,65
12637,73,10,927869.78,256
12638,39,1,89893.9,0
12639,245,1,48390.54,0
12640,30,3,123705.38,57
12641,121,1,27135.84,0
12642,31,3,130167.2,82
12643,134,6,61789.61,204
12644,136,1,81522.06,0
12645,40,5,159959.89,282
12646,11,2,109347.67,44
12647,28,13,327642.59,346
12648,161,1,51506.53,0
12649,113,4,84790.27,257
12650,9,1,60688.13,0
12651,341,1,19062.5,0
12652,328,2,143557.86,9
12653,155,2,112462.02,147
12654,17,5,85058.88,284
12656,23,8,297451.81,225
12657,17,5,127580.72,67
12658,25,1,91619.56,0
12659,36,1,9620.599999999999,0
12660,17,1,26553.64,0
12662,7,12,597073.88,372
12664,14,10,86232.46,314
12665,331,2,3346.23,6
12666,365,1,6171.55,0
12667,64,1,90453.65,0
12668,13,6,416929.38,348
12669,157,4,240739.13,105
12670,16,6,196991.19,222
12672,336,1,26337.91,0
12673,11,2,88085.51,321
12674,18,7,236932.76,196
12676,31,6,106702.84999999999,286
12678,48,13,423180.76,311
12679,58,9,172047.4,231
12680,7,4,135828.55000000002,112
12681,21,27,1550022.12,353
12682,10,31,1357209.51,367
12683,10,20,971330.14,361
12684,14,7,283119.19,205
12685,34,6,367672.12,65
12686,378,1,10484.83,0
12688,120,1,411340.82,0
12689,32,2,218690.78,101
12690,212,1,36448.61,0
12691,34,6,89529.75,329
12693,127,6,116778.59,198
12694,76,2,100424.5,112
12695,13,4,65675.4,203
12697,27,5,111554.02,148
12700,14,6,702760.5,207
12701,86,2,140302.02,162
12702,26,1,59776.28,0
12703,70,2,58367.81,7
12704,13,10,248030.52,162
12705,21,14,947897.59,341
12707,298,1,85627.83,0
12708,36,16,455839.17,338
12709,9,26,628053.21,363
12710,103,4,202481.51,104
12712,29,17,373352.41,348
12713,7,1,84926.02,0
12714,15,5,624751.87,285
12715,112,1,67148.81,0
12716,10,2,176034.56,129
12717,157,3,147777.95,94
12718,77,1,44483.56,0
12719,11,3,118785.73,59
12720,9,29,916521.68,366
12721,38,7,466896.05,334
12722,91,6,155654.69,65
12723,10,5,183264.64,61
12724,11,4,145300.63,327
12725,377,1,82832.15,0
12726,34,7,328641.56,329
12727,17,9,352755.12,309
12728,77,4,120059.77,261
12729,120,1,90717.86,0
12731,30,14,694216.18,341
12732,186,1,21778.18,0
12733,240,1,53205.19,0
12734,359,1,7466.76,0
12735,321,2,106369.89,21
12736,339,1,11702.0,0
12738,378,1,33761.71,0
12739,84,2,90889.93000000001,20
12740,70,1,60540.16,0
12743,140,2,319162.63,0
12744,58,10,640578.0599999999,266
12747,8,11,278907.21,366
12748,7,224,11912482.34,372
12749,10,8,615619.11,209
12750,135,1,42300.090000000004,0
12752,87,1,119563.0,0
12753,10,11,560320.33,358
12754,242,5,164573.54,72
12755,256,4,13432.92,115
12756,93,1,9561.32,0
12757,22,19,907833.46,195
12758,123,2,220751.04,159
12759,58,3,233554.63,223
12762,14,2,178612.05000000002,17
12763,144,2,47405.16,230
12764,323,1,114803.09,0
12766,10,7,836637.32,362
12769,245,1,76349.08,0
12770,217,1,26281.809999999998,0
12772,66,1,115826.11,0
12775,23,6,202878.12,294
12778,26,7,134781.31,292
12779,27,12,402027.14,350
12781,27,5,75545.97,263
12782,11,6,282050.17,352
12783,8,8,194315.89,73
12784,15,2,127546.93000000001,6
12785,9,2,46653.18,361
12787,16,3,49123.24,182
12789,71,1,10336.68,0
12790,198,1,68688.03,0
12791,380,1,1305.7,0
12792,263,1,40498.43,0
12793,341,2,88451.78,36
12794,59,2,107980.01,45
12795,25,1,36532.54,0
12797,366,3,44174.67,5
12798,16,3,14566.68,160
12802,190,2,65446.34,3
12808,43,3,77570.15,331
12809,174,2,66292.25,9
12811,267,3,85955.24,23
12812,51,1,55851.25,0
12814,108,1,3226.7900000000004,0
12815,154,2,104650.32,50
12816,102,2,64672.25,80
12817,287,1,9683.35,0
12818,184,2,30800.7,83
12820,9,4,142047.19,323
12821,220,1,12523.14,0
12822,77,3,84949.33,16
12823,81,5,22279.64,221
12824,66,1,70134.12,0
12826,9,8,255168.62,362
12827,12,3,56689.26,38
12828,9,6,124149.78,127
12829,328,3,22044.53,37
12830,44,7,78107.61,134
12831,268,1,25543.13,0
12832,38,2,74764.53,65
12833,151,1,65253.049999999996,0
12834,289,1,42330.24,0
12836,65,4,412861.14,252
12837,179,1,23193.73,0
12838,40,2,362325.8,340
12839,9,16,867757.04,364
12840,150,6,304763.77999999997,82
12841,11,26,1025280.59,367
12842,76,2,97486.45999999999,238
12843,72,9,284463.44,198
12844,35,2,115933.76,101
12845,273,4,54580.25,22
12847,28,1,253640.4,0
12849,37,2,110068.89,237
12851,103,1,127904.22,0
12852,296,2,34448.52,4
12853,114,9,197523.46,208
12854,85,5,281745.23,240
12855,379,1,6166.5,0
12856,14,8,718270.23,55
12857,217,2,132283.93,91
12863,58,2,19899.06,146
12864,144,1,2601.18,0
12865,32,3,246395.84,333
12866,289,1,43891.58,0
12867,32,10,1377671.65,334
12868,192,6,265615.99,187
12870,372,1,3130.69,0
12871,90,2,31876.32,123
12872,333,2,166025.02,38
12873,288,1,11614.99,0
12875,149,2,10145.7,219
12876,64,2,205777.86,138
12877,10,12,437712.27,354
12878,24,3,108656.0,248
12879,51,4,27742.4,47
12881,282,1,18812.47,0
12882,15,2,27355.0,24
12883,31,4,158886.5,64
12884,94,1,15977.05,0
12885,69,4,179946.67,60
12886,74,3,217268.83,151
12888,220,4,16575.149999999998,41
12890,30,1,229965.89,0
12891,192,3,9567.03,107
12893,37,1,76672.42,0
12895,48,3,64519.81,44
12897,211,2,4259.0599999999995,97
12901,15,36,307135.27,261
12902,271,1,25004.73,0
12904,24,2,197212.82,154
12906,18,5,150647.0,66
12908,65,4,24717.760000000002,253
12909,46,8,243043.59,213
12910,29,8,175996.37,218
12912,9,5,52156.939999999995,37
12913,11,5,128124.58,363
12915,155,2,65518.59,223
12916,145,5,287924.77999999997,181
12917,134,1,2928.2799999999997,0
12919,14,8,120021.47,161
12920,23,1,86104.78,0
12921,10,50,1800032.86,369
12922,167,1,63402.08,0
12923,70,1,49664.42,0
12924,94,5,91172.88,239
12925,11,2,113615.82,70
12928,41,5,244725.28,323
12929,128,2,19605.629999999997,189
12930,84,4,71841.82,93
12931,28,20,288971.27999999997,336
12933,30,4,292229.25,259
12935,8,8,336359.2,317
12936,23,5,160039.75,61
12937,21,4,323008.7,252
12938,32,1,16355.099999999999,0
12939,70,8,114618.69,270
12940,52,4,249346.73,41
12942,137,3,191599.63,234
12943,307,1,3744.72,0
12944,42,2,80358.89,319
12945,294,1,73759.95,0
12947,150,11,275126.6,229
12948,22,8,377842.68,248
12949,37,10,530588.71,221
12950,8,3,47266.39,21
12951,15,8,198540.68,322
12952,12,5,203418.53,72
12953,16,1,47587.19,0
12955,7,14,493966.03,266
12956,312,1,52827.13,0
12957,10,12,609745.84,335
12962,13,2,29950.64,106
12963,14,9,233014.72,357
12965,95,1,330078.66,0
12966,16,1,11465.36,0
12967,9,4,114005.17,368
12968,118,1,11204.1,0
12970,13,4,395587.75,315
12971,10,89,753251.92,368
12974,204,1,22277.73,0
12976,218,1,74980.16,0
12977,162,1,12839.91,0
12980,162,12,53629.869999999995,203
12981,36,2,63224.14,103
12982,246,2,90948.1,2
12984,25,1,8463.99,0
12985,7,3,187394.03,27
12987,80,3,83405.03,124
12988,298,1,257724.78,0
12989,9,19,198762.17,361
12990,37,3,26925.02,278
12991,29,2,66119.27,89
12993,29,4,63568.65,275
12994,10,5,173927.37,264
12995,84,2,9530.15,7
12997,28,7,169160.63,294
12999,202,3,74799.39,49
13000,113,3,64024.02,258
13001,10,15,877866.22,322
13002,324,1,23140.12,0
13003,112,3,14210.570000000002,109
13004,18,22,1128569.47,346
13005,180,3,64989.409999999996,72
13006,62,1,19008.66,0
13008,329,2,35976.55,37
13011,378,1,6022.16,0
13012,15,11,289624.3,285
13013,7,15,560668.8,370
13014,9,16,317002.57,278
13015,59,5,453705.15,195
13016,79,3,110061.34,49
13017,13,1,4288.75,0
13018,22,29,1134387.49,279
13021,10,12,307237.89,361
13023,70,2,96873.65,65
13026,7,8,107545.64,274
13027,120,6,80473.19,240
13028,29,3,114117.21,22
13029,37,3,17972.75,322
13030,17,2,235504.87,356
13032,45,3,203406.25,48
13033,363,1,38982.39,0
13034,61,2,96380.75,314
13035,64,3,71721.14,203
13037,144,3,111507.20999999999,118
13038,86,3,75972.55,210
13040,15,2,114961.27,24
13043,260,2,37174.74,19
13044,297,1,82850.71,0
13045,105,1,38669.11,0
13046,37,2,89375.64,235
13047,38,18,537358.82,342
13048,20,5,328421.62,312
13049,70,2,47893.46,253
13050,15,28,1077220.51,357
13052,218,1,54550.18,0
13055,70,4,240184.12,149
13058,31,3,24804.489999999998,127
13059,256,1,14369.98,0
13060,260,1,21239.73,0
13061,78,1,15083.3,0
13062,197,1,17542.09,0
13064,19,4,167734.98,314
13065,379,1,36312.56,0
13066,30,3,97733.56,7
13067,88,1,21197.75,0
13068,16,2,1858.41,309
13069,7,27,1112672.28,368
13070,198,1,24473.04,0
13072,273,1,19603.449999999997,0
13075,136,1,44215.15,0
13077,7,4,279455.7,365
13078,7,43,912701.72,365
13079,10,5,18162.1,136
13080,185,1,6428.3,0
13081,7,21,2638158.3,369
13082,132,10,244651.78,212
13083,10,2,51451.799999999996,71
13085,164,3,64151.47,137
13089,9,118,4739395.74,366
13090,15,18,416705.76,364
13091,27,2,75308.68000000001,7
13092,77,6,83263.84,288
13093,273,13,423408.18,106
13094,27,16,41425.46,347
13095,77,1,15108.060000000001,0
13097,39,14,1141717.7,327
13098,7,41,1576223.47,316
13099,105,1,1925.25,0
13101,240,1,20428.0,0
13102,7,27,815199.19,363
13103,46,1,26358.45,0
13104,9,6,48864.01,351
13106,135,2,2933.04,4
13107,50,5,166677.66,289
13108,379,1,14617.16,0
13109,9,5,123761.02,154
13110,37,8,372117.65,279
13113,7,40,701501.51,365
13115,15,14,336289.84,357
13116,123,2,112840.89,21
13117,28,8,176428.77,350
13118,26,7,191878.59,269
13120,245,1,385.84,0
13121,275,2,127636.33,0
13122,100,2,110007.17,146
13124,96,3,609551.28,269
13126,11,10,364989.88,361
13127,84,1,20555.52,0
13130,100,1,3427.29,0
13131,29,4,140577.02,164
13132,268,1,12382.490000000002,0
13133,280,2,18003.77,30
13134,79,7,293751.89,167
13135,203,1,2515.35,0
13136,56,11,330101.65,315
13137,17,9,1773029.69,298
13138,28,6,177635.77,350
13139,22,8,455127.97,243
13140,114,3,140007.2,258
13141,91,6,361388.38,230
13142,25,1,67468.05,0
13144,339,1,7257.400000000001,0
13145,46,5,15067.33,332
13146,32,1,37872.68,0
13147,16,4,7863.44,89
13148,35,17,896262.27,335
13149,20,4,233330.09,274
13151,209,2,199487.22,92
13153,12,1,33413.99,0
13154,150,1,4494.64,0
13155,39,4,216211.07,335
13157,55,5,224771.41999999998,248
13158,101,4,204095.82,224
13159,15,5,301420.97000000003,106
13160,28,1,14167.08,0
13161,319,1,16781.66,0
13162,128,5,211129.18,212
13165,52,2,106805.07,305
13166,288,2,76747.31,0
13167,25,4,148310.89,125
13168,42,5,315161.05,281
13169,70,2,24476.57,188
13170,33,1,81897.12,0
13171,14,5,117289.81,291
13173,10,2,126414.07,363
13174,22,3,798119.26,352
13176,52,1,191246.75,0
13177,71,1,29473.26,0
13178,32,11,686379.8,334
13182,51,1,20667.23,0
13183,14,9,218851.88999999998,326
13184,21,12,445212.98,275
13185,274,1,3617.4,0
13186,46,5,198740.05,89
13187,343,1,130229.06,0
13188,17,1,514.55,0
13189,25,2,55332.15,96
13192,101,2,162558.19,109
13193,67,1,61054.06,0
13194,142,1,10127.099999999999,0
13196,17,4,278867.93,250
13198,16,8,631584.35,351
13199,10,39,330852.97000000003,363
13200,25,4,118094.31,107
13203,16,4,118643.48,232
13207,21,2,21631.87,135
13208,65,7,328768.86,250
13209,36,11,809863.96,331
13210,100,1,59635.86,0
13211,16,3,155689.59,350
13212,15,4,371865.76,52
13213,63,6,244237.78,142
13216,274,1,4371.66,0
13217,128,5,18390.0,34
13218,133,1,9910.25,0
13220,84,4,43522.32,158
13221,246,2,176013.96,119
13223,206,2,18200.98,31
13224,66,3,297829.01,91
13225,9,8,88782.52,358
13226,279,1,45063.97,0
13227,208,1,18576.02,0
13228,87,1,6672.5,0
13229,232,1,28745.0,0
13230,10,15,1567205.17,360
13232,19,7,506534.95,230
13233,80,2,106105.76000000001,261
13235,218,2,148403.7,0
13236,31,3,96160.93000000001,82
13238,17,5,81180.14,349
13239,268,1,59977.14,0
13240,102,4,176150.82,269
13242,118,3,29372.010000000002,101
13243,209,1,156099.37,0
13244,99,1,80865.82,0
13245,57,1,39962.87,0
13246,24,7,349858.96,312
13247,24,4,38357.27,64
13248,131,2,82951.48,64
13249,98,3,62254.44,168
13253,163,2,111724.54,182
13255,10,3,32192.899999999998,369
13256,20,1,618.6,0
13258,18,3,128499.73999999999,193
13259,68,1,187085.4,0
13260,67,1,24655.010000000002,0
13261,275,2,28883.34,17
13262,269,1,26356.41,0
13263,7,35,4233075.52,323
13265,59,5,206392.06,220
13266,17,19,449818.1,347
13267,9,27,556534.66,364
13268,24,15,1133420.9,249
13269,7,17,826257.97,368
13270,372,1,4158.400000000001,0
13271,43,2,275037.61,0
13272,37,2,43716.96,58
13273,119,1,34941.81,0
13276,70,2,77900.88,36
13277,22,4,18743.33,117
13278,47,1,123390.76,0
13279,70,2,17985.6,14
13280,128,3,224160.77,214
13282,24,6,98391.66,202
13283,66,2,11781.7,125
13284,329,2,41192.380000000005,8
13285,29,4,462664.08,266
13291,162,1,99119.92,0
13292,45,2,100743.52,245
13294,196,2,156638.74,59
13295,366,2,24095.21,12
13296,143,1,17677.519999999997,0
13297,14,4,147570.07,59
13298,7,1,1019.64,0
13299,274,1,15005.429999999998,0
13300,171,2,69555.12,4
13301,110,4,205118.46,188
13302,161,1,274.93,0
13304,357,1,54420.42,0
13305,10,10,238931.28,368
13307,126,1,1308.2,0
13308,29,4,147070.34,180
13309,13,5,264375.95,301
13310,15,6,206065.44,315
13311,10,2,66028.88,145
13313,28,5,201050.7,317
13314,8,4,189667.85,72
13316,43,5,218254.39,217
13317,70,9,358540.89,294
13318,7,3,44039.46,36
13319,11,36,1257587.38,362
13320,76,6,295173.42,143
13321,78,2,24530.5,14
13322,23,1,67826.31,0
13323,9,5,55177.0,81
13324,38,12,189652.95,328
13325,88,1,20542.96,0
13327,45,9,285975.09,326
13328,322,1,54769.18,0
13329,38,4,50412.44,335
13330,99,3,120259.71,223
13332,20,1,46605.35,0
13334,88,3,651733.84,223
13336,83,1,127083.1,0
13338,160,3,62050.64,3
13339,207,1,139406.98,0
13340,51,7,380141.55,231
13341,267,1,114966.85,0
13343,179,2,69622.65,4
13344,74,3,296652.2,209
13345,283,2,47966.23,10
13347,76,1,25890.23,0
13348,70,1,45144.78,0
13349,17,1,30319.57,0
13350,22,3,101482.51,63
13351,72,1,29679.62,0
13352,14,2,68983.25,52
13354,77,1,141300.4,0
13355,128,1,67352.71,0
13356,86,1,79385.73,0
13357,263,1,254605.38,0
13358,275,1,77019.38,0
13359,65,2,58758.229999999996,4
13362,9,5,477433.13,284
13363,24,2,175536.97,26
13364,73,2,41672.33,4
13365,15,3,301208.22000000003,208
13366,56,1,99.12,0
13368,263,2,82803.68,80
13369,360,2,52694.62,11
13370,372,2,115846.14,5
13372,96,1,61481.02,0
13373,67,3,456266.0,215
13375,87,2,95085.68000000001,7
13376,105,3,126801.12999999999,135
13379,32,3,220159.92,110
13381,27,7,421702.86,277
13382,287,1,44007.43,0
13384,37,9,377037.19,147
13385,336,1,82884.19,0
13388,127,3,86394.04,10
13389,17,3,120340.43,221
13390,81,1,27135.86,0
13391,210,1,2184.06,0
13394,8,10,406565.87,308
13395,191,1,58425.15,0
13396,28,4,111684.96,297
13397,79,6,84782.16,266
13398,198,1,48681.99,0
13402,133,2,95724.03,244
13403,24,1,15437.17,0
13404,7,2,26413.440000000002,211
13405,80,3,53610.38,243
13408,8,81,1242486.09,371
13410,15,7,75370.97,282
13411,113,1,39634.31,0
13414,140,3,62682.61,162
13416,50,2,42713.36,37
13417,11,2,86481.32,200
13418,18,23,782821.54,360
13419,70,1,38545.83,0
13420,141,4,28788.300000000003,36
13421,46,3,248514.52,249
13422,57,2,327440.9,13
13425,114,3,195074.16,186
13426,7,12,362950.82,358
13427,25,3,47745.5,195
13428,16,1,185279.43,0
13429,17,4,179853.24,64
13430,25,4,128882.95,67
13431,73,2,126882.84,21
13434,80,2,31842.660000000003,22
13435,11,9,263318.81,183
13436,8,1,54500.13,0
13437,20,7,457967.07,175
13439,261,1,146113.37,0
13441,98,1,36609.42,0
13447,29,4,165898.71,12
13448,23,10,555869.77,357
13449,30,1,39761.48,0
13450,33,6,177728.68,191
13451,32,6,1032821.24,308
13452,265,2,1834.88,11
13453,172,2,47270.72,123
13455,31,4,170312.06,341
13456,24,7,214846.74,189
13458,13,22,1060816.82,352
13460,35,2,68531.28,20
13461,45,3,64267.96,124
13462,189,2,45963.340000000004,69
13464,64,1,71027.14,0
13466,106,2,35216.06,83
13467,17,2,264631.89,25
13468,8,41,719205.22,371
13470,105,2,31151.47,15
13471,7,4,549321.44,46
13473,67,3,51184.72,272
13474,242,1,174758.77,0
13475,197,4,216703.5,107
13476,185,4,127979.02,102
13477,44,8,178700.68,253
13479,204,3,39695.15,36
13481,52,8,284459.7,322
13482,238,1,20348.31,0
13483,72,1,29036.69,0
13484,247,1,23047.83,0
13485,239,1,51103.6,0
13486,84,3,167518.5,76
13487,64,3,93822.75,295
13488,23,17,1101444.3,350
13489,111,4,22989.35,189
13491,58,10,230273.73,320
13492,142,3,128024.8,78
13493,281,2,24494.85,11
13494,318,1,43666.380000000005,0
13495,14,6,166628.44,360
13496,17,3,97865.95,349
13497,289,3,57185.76,85
13499,24,7,108086.05,252
13500,29,4,159629.5,99
13501,249,2,122461.0,45
13502,23,3,40216.68,307
13503,77,1,44194.91,0
13504,70,1,54041.63,0
13505,74,8,586465.68,165
13506,318,3,88926.24,57
13507,9,4,398380.14,142
13508,250,1,32444.920000000002,0
13509,15,7,100532.34,275
13510,7,5,297126.79,182
13512,267,1,43210.71,0
13513,133,1,16832.99,0
13514,80,1,10876.96,0
13515,79,4,160445.8,175
13516,27,3,102845.72,217
13517,66,5,355872.15,120
13518,92,1,117506.78,0
13519,56,2,23436.829999999998,27
13520,65,8,221776.13,312
13521,7,3,1061498.06,8
13522,36,1,15633.89,0
13523,39,6,399338.3,333
13524,47,5,65341.04,179
13525,21,2,7907.84,233
13527,40,8,635571.6799999999,293
13529,85,2,50916.42,125
13531,211,2,50740.19,161
13532,40,1,171956.06,0
13533,189,3,203449.23,84
13534,8,43,874610.06,355
13536,7,7,435572.96,74
13538,49,7,62195.79,272
13539,92,4,97796.19,223
13544,46,2,210634.65,200
13546,18,3,213700.57,188
13548,102,2,300185.72,147
13549,32,8,106548.15,216
13551,325,1,13323.57,0
13552,72,16,294454.3,249
13555,80,4,321336.72000000003,128
13557,34,2,89538.92,252
13558,12,4,390719.66,62
13560,13,1,92952.99,0
13561,222,1,39817.450000000004,0
13562,88,3,252750.2,163
13563,90,2,116149.94,55
13564,150,5,156926.22,223
13565,25,2,90023.13,315
13566,47,2,449343.66000000003,41
13568,179,1,115558.2,0
13569,23,2,256877.09,350
13570,249,1,80085.72,0
13571,19,12,835955.39,240
13572,212,1,96604.87,0
13573,56,2,91930.29,202
13575,29,5,111408.33,152
13576,16,20,354629.35,362
13577,31,5,232857.02,216
13579,21,2,41689.81,354
13581,315,1,27397.45,0
13583,162,1,117878.51,0
13584,313,1,50268.61,0
13587,38,3,31245.760000000002,31
13588,22,13,466352.11,239
13589,21,2,65864.05,164
13590,17,7,261061.41,291
13591,71,3,159948.29,202
13592,42,4,50524.659999999996,228
13593,114,6,354954.52,227
13594,59,1,71873.94,0
13596,12,2,439180.02999999997,7
13598,53,2,104590.31,0
13599,7,33,697797.79,365
13600,318,1,47495.56,0
13601,51,2,268860.19,166
13602,71,1,55409.02,0
13603,32,1,48147.75,0
13606,35,3,125962.21,282
13607,46,1,272516.01,0
13610,18,9,510006.26,273
13611,95,4,165316.25,270
13614,30,4,505431.49,306
13615,319,2,67267.89,6
13617,46,3,124527.99,140
13618,180,1,44228.09,0
13621,123,1,52362.479999999996,0
13623,37,7,211549.87,266
13626,259,1,51222.82,0
13627,65,7,261845.3,298
13629,29,11,163224.69,315
13630,11,11,263738.97000000003,280
13631,106,12,28370.63,167
13632,31,6,380855.26,218
13634,39,5,476900.72,293
13635,74,1,164872.65,0
13636,43,6,168588.29,248
13637,58,3,238942.9,174
13638,22,1,19847.23,0
13639,80,1,86734.67,0
13642,222,1,162514.45,0
13643,37,3,44532.34,154
13644,15,5,353585.57,96
13645,126,1,5971.1,0
13647,16,5,187745.32,225
13649,263,2,56307.48,109
13650,23,7,216934.65,250
13651,41,2,22077.86,4
13652,52,3,191070.64,322
13654,49,6,405233.58999999997,230
13655,120,2,146244.18,127
13656,171,2,123607.61,172
13657,17,2,33817.22,190
13658,16,7,266359.03,194
13659,203,3,316431.23,123
13662,92,7,153387.92,173
13663,185,1,26632.350000000002,0
13666,66,3,35841.06,227
13667,155,1,255394.62,0
13668,9,29,1266981.16,359
13669,57,2,14004.16,98
13670,81,1,70319.98,0
13672,307,6,38168.5,32
13673,25,2,169359.89,13
13675,157,2,66960.99,133
13678,158,1,46851.619999999995,0
13680,7,5,596223.43,337
13681,24,4,143215.76,137
13682,193,1,8076.55,0
13684,292,2,58308.42,0
13685,9,7,86301.37,57
13686,189,1,19808.019999999997,0
13689,69,1,17268.29,0
13690,65,1,19887.06,0
13692,31,5,130092.94,211
13693,331,2,13971.679999999998,0
13694,10,60,1544184.98,369
13695,37,15,192677.37,228
13697,45,1,40682.59,0
13699,161,1,40914.0,0
13700,32,10,509166.29,300
13703,324,1,112.94999999999999,0
13704,11,10,311530.57,83
13705,14,3,60918.86,366
13706,309,1,63182.83,0
13707,273,2,105357.99,48
13708,277,1,99597.06,0
13709,10,17,869106.65,311
13710,38,1,29630.399999999998,0
13711,225,2,32391.77,0
13712,253,1,27602.84,0
13715,287,8,275050.62,91
13716,275,1,60193.68,0
13717,38,7,274317.85,266
13718,252,2,42717.420000000006,49
13719,21,5,164200.62,219
13720,123,4,116501.06999999999,138
13721,42,1,68856.3,0
13722,126,4,208459.65,162
13723,223,1,10056.54,0
13725,56,11,294830.98,258
13726,45,2,128819.66,61
13727,35,2,49977.009999999995,4
13728,43,6,163568.09,273
13730,142,2,106281.28,25
13731,225,2,108711.59,27
13732,34,1,78771.63,0
13735,31,8,552795.72,209
13736,11,3,475232.51,255
13737,206,1,90127.68,0
13739,24,1,9664.279999999999,0
13740,247,1,54784.46,0
13741,78,4,82674.37,145
13742,23,14,857114.68,303
13743,9,8,99600.34,256
13744,101,2,171506.12,197
13745,157,2,66271.73,10
13747,380,1,1058.8899999999999,0
13748,102,5,67824.85,278
13750,60,5,53741.81,283
13751,294,1,10266.48,0
13752,130,6,178611.2,122
13753,294,1,89890.27,0
13754,158,2,25047.75,165
13755,10,10,876902.87,59
13756,8,15,396255.19,365
13758,18,7,330178.68,361
13759,39,2,82720.06,37
13760,60,2,136472.08,202
13761,56,2,148649.36,129
13762,210,2,28794.02,14
13763,69,3,39190.3,107
13764,77,3,553777.09,266
13767,8,52,1019774.73,371
13769,8,16,354993.38,365
13771,70,5,322025.26,182
13772,40,3,514539.88,205
13774,88,1,69742.26,0
13777,7,41,560752.2,372
13778,109,1,26599.14,0
13780,13,2,128506.21,163
13781,257,1,34760.5,0
13782,19,6,311392.61,315
13784,16,11,67842.05,322
13786,373,1,10319.4,0
13787,82,2,68335.72,288
13790,10,1,106682.19,0
13791,49,3,51133.15,124
13792,72,2,29615.07,221
13798,7,63,1123404.12,370
13799,123,2,105317.24,177
13800,316,1,79143.27,0
13801,73,1,53772.1,0
13802,144,6,153808.75,222
13803,261,1,27285.64,0
13804,37,7,372805.36,259
13805,58,2,32915.2,76
13806,70,1,26983.07,0
13807,373,1,17628.260000000002,0
13808,12,5,202817.91,91
13809,311,1,49685.33,0
13810,35,4,98311.06999999999,27
13811,190,4,26795.27,55
13812,48,3,89337.48,63
13813,46,5,180522.66999999998,95
13814,62,3,165658.06,81
13815,28,5,446880.67,296
13816,30,4,79378.07,40
13817,35,2,57923.44,322
13819,308,3,73834.92,18
13821,151,2,156312.71,116
13822,12,2,242136.12,34
13823,25,2,104531.97,72
13824,39,5,124295.67,277
13826,164,2,44179.740000000005,18
13827,64,3,238833.1,85
13828,28,1,34533.35,0
13829,365,1,2914.2799999999997,0
13831,22,6,191040.64,353
13832,24,2,8204.41,1
13833,165,1,55715.17,0
13835,31,4,136949.27,190
13837,218,2,38753.73,105
13838,12,4,428648.25,364
13841,259,1,506.92,0
13842,65,9,542759.41,308
13844,17,1,63041.19,0
13845,71,1,41839.94,0
13846,31,4,122990.09999999999,335
13848,98,3,13417.849999999999,273
13849,58,2,243185.77000000002,119
13850,94,2,247584.74,41
13851,102,3,218341.00999999998,192
13853,15,2,65606.03,48
13854,15,29,253673.37,356
13856,175,5,47689.35,34
13858,63,1,23196.45,0
13859,332,1,49400.04,0
13860,7,6,162172.7,85
13862,24,10,336679.0,314
13863,251,2,48756.11,2
13865,64,4,81547.81,231
13866,80,1,10527.880000000001,0
13867,37,3,139072.99,186
13868,13,2,90739.53,31
13869,129,4,718946.4,233
13870,8,10,300938.88,285
13871,29,14,818340.48,286
13873,126,4,58662.39,190
13874,364,1,55584.08,0
13875,60,5,281421.46,247
13876,70,1,17837.239999999998,0
13877,92,1,14054.710000000001,0
13878,61,1,82748.63,0
13880,27,13,435644.04,345
13881,10,22,510590.15,308
13882,9,6,162768.22,61
13883,7,9,399928.78,325
13884,13,6,130655.64,276
13885,195,2,63574.229999999996,11
13886,77,1,39543.89,0
13887,210,1,62596.5,0
13888,126,2,90626.95999999999,98
13889,99,1,38831.38,0
13890,7,14,254055.55,357
13892,33,4,53196.35,219
13893,304,1,43280.9,0
13894,28,5,75607.71,288
13895,27,5,304730.73,143
13897,56,1,41090.14,0
13898,332,1,45155.009999999995,0
13899,22,2,57759.43,258
13900,189,3,110742.95,79
13901,78,5,371783.82,246
13904,43,2,61555.75,257
13908,86,5,285996.55,196
13911,63,9,365822.07,251
13914,10,3,72316.26,32
13917,56,2,44052.69,141
13918,56,2,69213.93,203
13919,59,3,79341.97,68
13922,358,1,10779.100000000002,0
13923,60,1,36782.8,0
13924,8,11,363661.13,70
13925,42,6,119489.96,98
13926,29,1,24980.62,0
13927,81,1,52464.01,0
13928,17,4,63786.41,122
13929,175,3,33356.68,157
13930,64,2,42805.64,78
13931,92,3,142534.03,195
13932,301,1,44071.04,0
13933,115,2,59252.62,39
13934,270,1,75031.52,0
13936,177,2,48915.19,8
13937,175,1,12191.849999999999,0
13938,41,1,20554.51,0
13939,29,4,113529.99,288
13940,23,4,115853.81,126
13941,28,7,147083.94,350
13946,85,3,20913.84,188
13947,71,1,12456.099999999999,0
13948,367,1,12115.97,0
13949,9,6,420987.36,91
13950,17,5,85752.47,235
13951,182,3,97570.59,118
13952,217,3,331565.59,27
13953,13,7,54060.47,345
13954,8,3,70317.8,69
13955,160,2,94362.56,151
13956,11,5,386037.66,266
13958,378,1,11635.04,0
13959,85,3,190554.5,283
13960,27,2,25854.46,50
13962,28,2,13621.09,223
13963,314,4,88535.48,59
13967,152,1,6532.799999999999,0
13969,13,20,1729114.47,357
13971,15,11,407200.68,276
13972,77,2,40777.78,131
13973,293,1,24702.37,0
13974,55,1,60929.79,0
13975,37,7,931116.3200000001,245
13976,213,1,34299.26,0
13978,21,2,23014.68,30
13979,79,1,139483.79,0
13980,66,1,19791.64,0
13982,45,5,279928.39,326
13983,36,13,304081.58999999997,337
13984,33,6,44482.42,339
13985,10,16,928803.54,260
13986,23,1,39826.41,0
13988,26,9,629911.62,234
13989,72,2,102905.06,173
13990,219,1,50683.61,0
13991,18,7,213826.06,131
13992,36,1,11003.04,0
13993,38,12,318887.8,298
13994,10,6,349495.48,144
13995,21,6,214701.52,230
13999,16,15,567757.55,351
14000,212,2,49546.08,4
14001,52,4,89831.9,327
14002,140,2,131130.65,22
14004,49,7,444061.79,245
14005,16,5,210616.75,206
14006,122,3,76937.41,196
14009,204,3,107036.04,7
14012,284,1,33799.09,0
14013,116,3,92825.87,165
14014,83,1,98297.88,0
14015,59,1,50753.53,0
14016,160,5,378569.83,203
14019,53,4,183929.06,91
14020,23,2,102882.72,71
14021,161,3,64406.479999999996,101
14022,231,1,82193.81,0
14023,13,2,91600.55,242
14024,128,2,46861.11,2
14027,67,1,6752.02,0
14029,69,2,24206.100000000002,80
14030,24,8,617890.59,348
14031,13,23,695653.53,365
14032,8,18,356058.39,364
14034,28,4,206976.02,135
14035,35,5,189520.38,268
14036,291,1,107606.39,0
14037,182,2,67506.09,188
14038,84,4,281127.11,128
14039,39,1,11503.94,0
14040,47,15,649026.15,290
14041,272,1,63202.74,0
14044,33,4,545411.52,283
14045,115,4,18645.0,264
14046,290,1,24255.61,0
14047,15,7,105320.31999999999,364
14048,283,2,209646.05,27
14049,23,6,1279918.93,301
14050,38,2,160174.19,74
14051,7,26,586668.52,365
14052,26,1,116477.06,0
14053,130,2,14586.899999999998,35
14054,71,1,18140.61,0
14055,112,1,22905.469999999998,0
14056,7,29,2793456.92,282
14057,30,18,702024.12,336
14059,273,1,23870.17,0
14060,11,20,537982.18,368
14062,16,12,295193.93,354
14064,35,7,196849.84,245
14066,273,1,9401.41,0
14067,70,2,156129.91,32
14068,326,1,59982.04,0
14071,10,9,850611.16,261
14073,27,2,26620.45,11
14075,11,3,115184.67,256
14076,135,1,108333.08,0
14077,47,5,109762.72,233
14078,108,6,138524.63,271
14079,131,1,29376.48,0
14080,39,1,7824.0,0
14081,273,4,410275.22000000003,101
14082,371,1,111317.79000000001,0
14083,10,9,485681.08,367
14085,8,19,1119804.76,366
14087,9,2,181224.58,0
14088,16,14,1542446.39,312
14089,63,1,66827.15,0
14090,331,1,3874.4999999999995,0
14092,14,17,574385.77,365
14093,18,1,300141.05,0
14096,10,34,12965429.74,97
14098,43,1,72079.75,0
14099,22,12,676802.85,338
14100,144,1,81339.84,0
14101,80,6,78223.49,252
14102,11,8,186794.05,39
14104,161,2,36874.35,11
14105,91,2,230114.46,153
14107,58,8,296544.78,312
14108,37,3,126141.41,70
14109,29,2,37794.4,49
14110,10,13,417292.68,263
14111,20,5,19736.81,227
14112,29,12,439882.34,253
14113,10,8,132280.82,351
14114,280,2,46813.82,56
14116,26,5,182260.35,101
14117,150,1,16962.22,0
14119,360,1,7038.0,0
14121,10,6,340622.95,56
14124,90,1,8938.43,0
14125,17,3,414453.53,67
14126,14,4,38568.15,2
14127,129,3,95616.09,187
14128,67,2,112121.91,195
14129,8,5,148380.45,259
14130,325,1,169297.44,0
14132,8,12,533317.01,181
14133,136,5,78129.09,186
14135,8,15,336591.51,371
14138,8,2,125501.09,62
14139,52,1,79430.58,0
14140,10,3,189131.57,27
14141,9,6,101474.42,102
14142,379,1,62036.38,0
14143,140,1,21122.81,0
14145,53,5,29218.7,170
14146,15,6,653402.05,348
14147,55,3,16587.76,236
14148,240,1,2469.3,0
14149,219,3,122264.17,8
14150,42,2,56475.08,324
14152,81,3,136954.59,158
14154,245,2,130917.09,0
14155,272,1,7110.9,0
14156,16,66,3773194.82,362
14157,26,3,136075.24,265
14158,46,1,92141.5,0
14159,26,14,3008907.91,343
14161,222,3,281710.41,153
14162,180,2,74901.41,118
14163,93,4,153214.93,151
14164,77,2,80700.08,10
14165,282,1,69268.03,0
14167,45,4,153920.36,291
14171,104,1,179173.06,0
14173,17,4,65281.32,208
14174,39,1,65552.61,0
14175,57,7,397657.5,278
14176,303,5,103911.02,70
14177,91,5,113096.37,94
14178,15,7,779124.06,173
14179,47,2,420777.86,11
14180,17,31,645766.54,361
14184,73,1,54918.25,0
14185,337,1,8552.140000000001,0
14188,15,10,218153.32,301
14189,8,24,699924.63,366
14191,8,14,638196.85,218
14193,74,2,114580.39,201
14194,11,32,1526947.24,303
14195,208,3,18613.87,50
14196,113,1,23489.4,0
14198,10,7,103195.59999999999,235
14199,224,1,5284.15,0
14201,66,9,86228.07,299
14204,8,1,127652.46,0
14205,17,4,96705.87999999999,354
14206,245,2,39717.62,121
14208,101,1,29488.02,0
14209,17,7,198602.42,321
14210,97,7,319926.18,280
14211,59,13,280801.31,241
14212,96,1,20624.95,0
14213,378,1,15921.580000000002,0
14214,37,7,176156.71,246
14215,18,7,245036.89,356
14216,9,4,173559.83000000002,34
14217,8,24,239062.49,364
14218,49,1,38115.58,0
14219,10,1,21651.489999999998,0
14220,253,2,61207.47,110
14221,48,10,510852.34,296
14222,183,1,111632.17,0
14223,98,4,125196.79,171
14224,116,4,267301.44,209
14226,35,7,176692.14,240
14227,32,15,477505.18,258
14229,58,5,109191.64,281
14231,185,5,152971.09,109
14232,38,8,291514.66,232
14233,50,5,133523.5,273
14234,28,4,410071.28,35
14235,16,6,198795.02,250
14236,87,2,39937.29,291
14237,379,1,13069.22,0
14238,332,1,24375.88,0
14239,49,13,273099.73,272
14240,36,2,117511.15,195
14241,190,1,31636.78,0
14242,241,2,36398.17,91
14243,15,14,366835.53,357
14245,182,5,262358.57,87
14246,117,3,161159.43,135
14247,284,1,52197.47,0
14248,324,1,30923.949999999997,0
14250,13,3,228801.75,82
14251,8,5,215398.65,55
14256,260,3,164080.52,110
14257,57,6,283438.05,267
14258,15,10,277805.84,328
14259,148,1,9023.91,0
14261,57,2,106929.53,27
14262,14,8,318200.56,232
14264,161,3,46918.94,217
14265,115,2,62589.81,39
14267,157,7,175902.09,109
14270,338,1,74635.2,0
14271,232,1,29298.9,0
14272,80,2,87874.29,180
14273,57,4,59799.86,190
14276,94,5,180511.79,201
14277,21,4,542296.53,197
14280,203,1,25507.65,0
14282,9,15,391609.2,364
14284,37,3,91079.92,55
14285,27,4,64564.39,155
14286,30,5,718291.11,219
14287,14,4,46098.87,190
14288,218,2,54871.979999999996,1
14289,15,6,130248.56,280
14290,17,6,262166.87,350
14291,8,12,649700.19,273
14292,14,14,292267.98,318
14293,9,4,132631.45,365
14295,46,2,16744.5,292
14297,24,6,162421.23,257
14298,9,45,4123714.52,357
14299,14,18,422622.29,358
14300,25,1,6314.530000000001,0
14301,114,2,33233.99,9
14304,229,2,67430.09,78
14305,77,5,285669.2,64
14306,57,3,81820.44,34
14307,95,6,470783.79,284
14309,14,10,301062.94,350
14311,231,2,69414.35,17
14312,53,6,230545.81,290
14314,113,1,15682.89,0
14315,27,7,288186.69,245
14317,71,1,61217.69,0
14320,213,3,126032.53,126
14321,17,5,302020.55,322
14323,121,4,107796.58,123
14326,241,2,32004.02,7
14327,169,1,30952.36,0
14329,15,14,683107.66,320
14331,130,2,71468.86,10
14332,29,3,72997.27,125
14333,70,2,66939.41,3
14334,23,9,412504.44,341
14335,22,2,143261.9,80
14336,23,4,272773.6,259
14338,164,4,88866.21,38
14339,241,4,52074.32,8
14340,225,1,13983.24,0
14341,51,9,333540.3,273
14342,27,6,52854.68,188
14344,133,8,172677.9,241
14345,45,1,16208.0,0
14346,127,2,135430.45,176
14348,266,1,36352.47,0
14349,16,1,81795.84,0
14350,277,2,59235.049999999996,3
14351,171,1,825.6,0
14352,163,4,107041.79,116
14353,221,1,14810.740000000002,0
14354,12,2,17504.57,24
14355,372,1,27122.170000000002,0
14356,66,4,104555.93,21
14357,49,1,107279.46,0
14359,25,6,138788.97,68
14360,38,4,287300.46,62
14362,28,1,97407.04,0
14364,115,8,170940.35,102
14367,14,19,1310924.87,267
14368,326,1,24253.29,0
14371,301,1,5244.12,0
14373,364,1,13983.33,0
14375,191,1,245584.48,0
14377,197,2,30192.829999999998,70
14379,50,2,120312.32,251
14381,58,1,136355.86,0
14382,32,1,350020.88,0
14383,44,3,145238.71,125
14385,15,3,55333.16,14
14386,303,1,17381.07,0
14387,39,3,389242.6,76
14388,15,10,481824.98,364
14389,15,5,167622.19,309
14390,16,13,760914.29,362
14393,224,1,7480.67,0
14395,8,12,847369.71,369
14396,71,2,175717.88,306
14397,7,23,229146.58,212
14400,147,2,78812.28,8
14401,10,14,441693.63,355
14403,136,5,65645.59,116
14404,40,7,261364.76,335
14406,125,1,38999.59,0
14407,113,9,172094.41,169
14408,17,7,217114.47,253
14409,77,7,173066.04,297
14410,22,15,751467.35,290
14411,317,1,34929.31,0
14412,41,3,116126.0,37
14413,368,1,73205.54,0
14414,98,8,254165.68,267
14415,7,18,1584518.15,359
14416,28,2,28539.79,20
14418,10,3,284550.69,104
14419,17,6,455352.91000000003,354
14420,91,2,96066.58,13
14421,63,2,75936.75,154
14422,7,6,546480.46,266
14423,224,1,4909.990000000001,0
14424,24,1,99.18,0
14426,25,16,641368.49,340
14427,56,2,46498.48,13
14428,13,7,384574.43,317
14431,305,2,72913.93,4
14432,16,6,942859.35,79
14434,28,6,31634.52,50
14436,105,1,15725.489999999998,0
14437,149,2,9889.92,222
14438,312,1,22552.98,0
14439,326,1,81150.16,0
14440,14,5,133166.34,357
14441,7,10,154450.82,364
14442,8,5,188626.0,315
14443,60,7,267124.09,318
14446,7,4,779099.49,245
14447,25,5,178925.12,261
14448,15,2,44508.36,354
14449,25,4,702839.77,353
14450,187,3,106568.23,139
14451,66,2,284058.36,134
14452,17,2,168434.88,83
14453,196,1,51032.99,0
14456,11,14,2557460.04,137
14457,317,1,10607.48,0
14459,161,1,114738.86,0
14460,116,4,27430.0,200
14461,154,3,443219.55,113
14462,70,15,621682.26,275
14463,104,3,9385.77,107
14465,253,3,346717.99,56
14466,35,7,176185.51,343
14467,24,4,253337.14,295
14470,18,2,114454.76,275
14472,110,8,703967.29,251
14473,80,2,30738.49,208
14474,49,2,64707.58,2
14475,78,6,126771.06,233
14476,263,1,40937.21,0
14477,26,5,23500.79,277
14479,260,2,33396.33,111
14480,17,1,44752.99,0
14481,171,2,97402.47,122
14482,24,6,390529.62,220
14483,156,2,16546.94,131
14484,56,1,47959.51,0
14485,45,1,124589.74,0
14487,33,7,381040.75,341
14488,57,2,151750.81,16
14489,213,1,67646.44,0
14491,181,2,41958.03,197
14493,13,7,338866.22,147
14494,32,1,20158.9,0
14495,57,2,11355.279999999999,70
14496,318,2,38017.65,61
14497,307,2,77460.33,7
14498,49,5,480514.87,319
14499,32,3,570743.93,252
14500,94,3,16246.74,101
14501,70,3,16230.02,255
14502,26,14,1640323.67,293
14503,9,6,427917.11,175
14504,53,4,315885.95,231
14505,23,11,1981005.06,344
14506,23,5,776958.44,351
14507,30,7,256291.69,252
14508,28,2,169728.11,67
14511,17,6,189383.57,122
14512,194,2,50216.67,44
14513,107,4,34714.36,188
14514,67,3,211171.62,270
14515,24,6,249262.4,200
14517,39,2,58634.92,108
14518,70,1,43149.04,0
14520,8,2,14651.98,289
14522,30,4,28587.100000000002,173
14523,114,1,21768.4,0
14524,38,9,552080.26,329
14525,15,13,712466.03,352
14527,9,86,2643709.28,371
14528,43,1,46487.38,0
14529,66,3,612598.27,50
14530,32,6,556219.88,270
14532,242,4,170039.81,115
14533,31,9,163882.62,328
14534,9,25,1411160.42,316
14535,65,4,913089.01,189
14536,266,1,60395.61,0
14537,64,1,21796.87,0
14538,71,2,34112.98,191
14539,22,2,93867.16,28
14540,16,3,227952.29,299
14541,65,8,264339.43,260
14542,192,1,11442.43,0
14543,10,21,282036.63,360
14544,30,2,307526.35,337
14546,10,9,1075570.24,244
14547,10,9,936651.23,50
14548,157,2,3494.8999999999996,167
14549,317,1,136274.61000000002,0
14550,17,2,114798.78,33
14551,24,2,18158.82,185
14552,158,1,161951.91,0
14553,25,5,255472.24,319
14554,16,4,524945.39,42
14555,63,2,58351.22,244
14557,70,2,69683.72,21
14560,13,24,162292.65,350
14561,82,3,156038.41,108
14562,10,22,1204344.86,300
14565,102,6,276587.71,265
14566,117,1,5832.07,0
14567,41,3,86391.61,95
14569,7,1,21284.63,0
14570,287,2,87735.33,0
14572,9,10,645674.39,320
14573,186,13,587979.47,192
14576,378,1,6673.799999999999,0
14577,19,4,310587.39,350
14578,9,1,45530.93,0
14581,23,1,52430.69,0
14582,47,1,14568.42,0
14583,12,5,873781.1,200
14584,175,5,242264.36000000002,29
14585,56,1,96239.04,0
14586,233,3,62017.66,49
14587,25,10,909563.96,312
14589,378,1,11777.56,0
14591,21,4,490669.28,197
14592,41,3,373854.39,28
14593,28,3,408122.12,177
14594,13,2,131405.72,365
14595,26,6,268368.09,293
14597,17,2,148522.13999999998,180
14598,50,1,129654.7,0
14600,312,1,43938.87,0
14601,17,1,21518.03,0
14603,281,1,4768.549999999999,0
14606,7,128,7144512.92,372
14607,22,17,294992.63,245
14608,10,4,50205.08,358
14609,78,4,3438.58,224
14616,249,3,6114.530000000001,74
14618,15,4,48618.630000000005,356
14619,245,2,60138.52,6
14620,210,3,77439.90000000001,79
14621,7,6,264761.85000000003,357
14622,191,1,60283.62,0
14623,38,6,335072.11,203
14624,63,2,33733.68,1
14625,191,5,145086.47,186
14626,15,7,290100.38,224
14627,318,1,14463.900000000001,0
14628,97,2,49151.11,151
14629,10,3,424150.32,43
14631,57,3,102429.48,248
14632,269,1,25179.27,0
14633,272,1,50921.47,0
14636,42,2,64477.68,232
14638,57,1,60538.51,0
14639,58,8,417802.45,309
14640,22,8,279071.52999999997,211
14641,28,1,17037.87,0
14642,65,1,1790.83,0
14643,176,3,93918.70999999999,187
14644,15,4,76440.93,289
14645,163,2,52406.74,118
14646,8,77,5418075.66,353
14647,207,1,47976.13,0
14649,11,4,483894.11,207
14651,73,2,279177.9,143
14652,83,1,77347.8,0
14653,7,7,581664.21,337
14655,10,5,102032.13,218
14656,175,2,198693.38,114
14657,24,5,362473.74,308
14658,11,2,81958.26,111
14659,15,12,678514.76,306
14660,93,2,85323.97,14
14661,33,1,11735.220000000001,0
14662,35,4,488050.89,287
14664,26,2,251612.49,13
14665,67,7,305356.55,250
14666,30,1,30056.83,0
14667,17,27,1402944.08,357
14669,248,3,419083.95,90
14670,286,2,325972.86,0
14672,241,2,155487.82,101
14673,9,5,176305.11000000002,364
14675,22,1,246135.78,0
14676,37,8,93484.83,269
14679,378,1,524.8,0
14680,31,23,855424.83,346
14681,77,3,20654.71,140
14682,194,2,12141.86,13
14684,32,5,1123818.42,336
14687,113,1,28929.76,0
14688,14,27,986406.25,366
14689,215,1,40496.55,0
14690,50,3,109678.02,107
14691,37,5,185442.66,182
14692,143,5,166416.59,185
14693,271,1,24182.239999999998,0
14696,10,9,276372.8,368
14697,224,2,64342.65,0
14698,8,5,497925.2,49
14699,220,1,15288.89,0
14700,38,3,268868.11,206
14701,17,12,843891.14,305
14702,7,18,923272.92,364
14703,21,1,62146.909999999996,0
14704,17,9,1071542.66,168
14705,205,1,540.6,0
14708,9,4,68825.73999999999,365
14709,21,14,521532.18,343
14710,20,4,402133.67,45
14711,16,12,801216.0,252
14712,35,3,69177.89,82
14713,15,12,914784.7,355
14714,30,1,44033.62,0
14715,31,4,191650.48,306
14716,49,2,163311.74,105
14719,8,6,606783.9,247
14720,12,3,82984.77,120
14722,153,1,64510.700000000004,0
14723,16,6,762259.32,361
14725,31,1,147628.58,0
14727,280,1,38496.64,0
14729,380,1,171449.72,0
14730,7,8,1343518.6300000001,275
14731,53,3,107492.66,165
14732,14,10,385627.73,330
14733,15,15,491609.41,358
14735,10,34,530100.41,354
14737,10,3,33408.71,349
14738,45,9,136617.2,276
14739,8,8,148434.23,364
14740,197,4,204917.44999999998,92
14741,18,6,154107.6,361
14744,22,9,50972.22,350
14745,119,6,164547.92,172
14747,254,2,56995.880000000005,1
14748,35,6,221324.76,339
14752,50,1,21362.730000000003,0
14753,93,1,62090.57,0
14754,51,2,90288.19,250
14755,16,12,610902.72,324
14756,21,1,113712.8,0
14757,81,1,52246.15,0
14758,151,4,150426.24,114
14759,11,3,267770.02999999997,228
14760,300,2,10239.94,2
14761,65,2,30871.72,276
14762,270,1,55899.36,0
14764,50,2,20797.96,2
14765,35,3,105546.49,147
14766,14,8,362467.05,364
14768,23,3,7207.5599999999995,109
14769,9,10,2741330.03,354
14770,238,2,143922.33000000002,90
14772,118,1,19997.85,0
14775,64,3,148897.19,313
14776,57,13,353164.5,261
14777,10,2,3482.05,353
14778,133,2,90974.48,181
14779,287,3,93965.99,43
14780,61,2,64842.05,24
14782,326,1,10768.86,0
14784,32,2,44682.54,297
14785,16,2,4373.01,4
14788,13,2,62677.51,19
14789,35,1,14965.27,0
14790,23,4,85297.67,236
14792,70,2,13669.19,0
14793,10,2,47447.96,17
14794,9,9,220963.56,331
14795,172,1,14302.58,0
14796,7,27,2892647.33,365
14798,59,3,38984.87,257
14799,57,1,28774.62,0
14800,54,16,1011381.63,322
14801,67,1,181224.7,0
14803,168,3,155122.43,130
14804,15,1,23720.16,0
14805,21,4,131660.21,298
14806,81,1,22918.83,0
14808,46,15,710662.41,132
14810,47,11,630668.29,328
14813,376,2,73706.89,0
14815,43,2,141203.53,31
14816,203,1,6264.03,0
14817,206,2,174474.15,76
14818,80,3,127280.1,179
14819,70,2,41327.35,127
14820,27,4,79807.24,152
14821,373,1,2406.11,0
14823,186,3,183384.36,14
14824,16,4,84823.39,81
14825,10,12,315856.07,364
14828,203,3,65921.39,140
14829,35,6,134901.31,343
14830,59,1,104694.44,0
14834,24,8,210739.05,222
14836,16,3,19436.5,20
14837,96,5,275880.71,111
14840,274,1,6572.68,0
14841,59,6,411249.78,305
14842,41,8,370697.51,272
14844,70,4,306767.13,177
14847,155,1,26038.81,0
14849,28,28,971713.4,351
14850,318,2,66731.47,56
14851,29,2,66797.03,232
14852,64,6,357856.14,193
14853,15,3,31018.749999999996,202
14854,84,8,307477.54,196
14855,125,2,51924.18,15
14856,42,3,152426.26,20
14857,66,3,134734.54,88
14859,19,5,119852.73,191
14860,15,2,26348.57,10
14861,58,1,17156.02,0
14862,32,2,115738.13,122
14863,35,1,26759.35,0
14865,13,2,8979.18,364
14866,17,13,252604.5,355
14867,192,4,75655.11,182
14868,9,9,364794.38,230
14869,10,3,162596.56,99
14870,268,1,31884.47,0
14871,9,4,230506.05,357
14873,216,1,62731.5,0
14875,15,5,145264.75,253
14878,19,9,307151.98,345
14880,83,3,116321.2,211
14881,26,1,47280.87,0
14882,33,2,22019.36,7
14883,25,7,110281.94,193
14885,138,1,52333.18,0
14886,259,1,27329.16,0
14887,85,1,12531.49,0
14888,213,1,64560.06,0
14889,342,1,21451.03,0
14890,260,1,14484.59,0
14891,154,2,88357.88,39
14893,16,2,184959.0,2
14894,91,1,43289.1,0
14895,14,24,1290756.28,314
14896,211,2,107197.14,160
14897,14,4,141626.49,289
14898,29,8,325427.44,347
14901,17,10,246330.09,361
14902,27,2,54726.41,4
14903,27,10,951338.04,257
14904,8,2,181788.6,23
14905,160,3,47363.52,79
14907,9,10,413633.26,364
14908,80,1,15160.939999999999,0
14910,9,7,93163.0,51
14911,7,248,15362741.47,372
14912,23,3,82720.81999999999,230
14913,42,4,210556.63,323
14915,92,3,29338.07,192
14916,77,5,198211.49,253
14918,122,2,121922.92,38
14920,219,2,132280.72,0
14921,36,2,213475.28,171
14923,57,1,128404.27,0
14924,252,1,26288.31,0
14929,38,1,29862.44,0
14930,115,3,285432.77,165
14931,11,6,117525.33,236
14932,372,1,37160.84,0
14934,79,3,192734.21,209
14935,303,1,39815.82,0
14936,15,9,876719.07,266
14937,63,4,74481.48,73
14944,36,14,466437.99,322
14946,20,1,6348.8,0
14947,78,2,25333.350000000002,58
14948,29,7,164265.53,196
14950,15,2,47206.83,10
14951,85,1,52991.88,0
14952,52,15,371384.94,320
14953,31,1,132180.82,0
14954,18,1,221909.59,0
14957,259,1,38159.6,0
14958,153,3,105494.6,98
14959,65,5,180027.86,237
14960,14,2,80510.72,162
14961,17,12,793270.27,349
14962,277,1,10655.17,0
14963,16,5,472352.43,173
14964,253,1,28418.93,0
14965,102,2,199305.54,0
14966,21,1,82295.17,0
14967,56,1,20320.66,0
14968,36,1,91388.59,0
14970,74,4,83448.20999999999,248
14971,41,3,432271.8,8
14972,134,1,43358.8,0
14973,113,3,77545.79000000001,118
14974,43,1,49716.75,0
14975,63,1,20546.940000000002,0
14976,63,8,180362.24,269
14978,78,5,586423.63,258
14981,252,1,22937.03,0
14984,25,2,92778.41,161
14985,204,2,225385.67,159
14987,22,2,14480.890000000001,349
14988,218,1,77797.77,0
14995,45,2,166354.4,241
14997,52,4,75941.79,131
14998,176,2,191378.69,71
15000,54,1,208192.11000000002,0
15002,122,4,317965.85,251
15004,153,1,394684.78,0
15005,22,35,2981921.32,350
15006,57,1,355771.43,0
15007,165,1,24953.83,0
15009,18,3,454734.96,12
15010,42,1,53921.56,0
15012,60,2,348807.33999999997,319
15014,49,2,105823.52,133
15016,179,1,43228.3,0
15017,40,1,40128.64,0
15018,45,4,73093.83,329
15019,273,1,157805.13,0
15021,15,13,1224277.14,359
15022,18,4,342053.97,35
15023,9,12,1438255.88,366
15024,16,10,444654.93,357
15025,39,1,191897.15,0
15026,86,3,144619.58000000002,197
15027,37,6,101950.5,207
15028,14,4,155989.24,360
15030,78,2,17511.85,196
15031,10,4,246369.87,277
15032,262,5,149160.31,110
15033,11,11,1299845.53,324
15034,22,11,1074357.87,338
15035,96,1,72347.63,0
15036,78,3,334232.87,107
15038,49,7,321431.47,326
15039,16,52,3806099.17,359
15041,176,1,159161.85,0
15042,205,1,12627.47,0
15043,37,1,14675.16,0
15044,25,22,1279149.14,342
15045,158,3,27662.09,105
15046,15,16,496057.25,329
15047,276,1,67251.86,0
15048,71,5,257452.31,303
15049,280,1,7124.009999999999,0
15050,31,5,220039.42,46
15051,29,3,395056.49,127
15052,325,1,75063.66,0
15053,11,3,194387.59,277
15054,18,2,262583.62,28
15057,281,2,65232.04,40
15058,31,11,682375.22,286
15059,47,11,600677.28,293
15060,14,4,288096.29,0
15061,10,55,1011876.59,368
15062,77,4,144641.92,288
15063,219,1,12763.119999999999,0
15065,44,6,436155.45,253
15066,38,2,152109.89,21
15067,84,3,209318.52,204
15068,52,2,267645.94,210
15069,185,1,196776.57,0
15070,379,1,1718.72,0
15071,100,2,49699.29,182
15073,16,4,188123.74,177
15074,111,1,112337.62,0
15075,84,1,67057.55,0
15076,179,1,112422.7,0
15078,13,38,1109930.51,361
15079,219,5,142857.37,153
15081,28,6,89376.55,345
15083,263,1,9963.220000000001,0
15087,288,1,41493.57,0
15088,27,3,150410.79,45
15089,16,6,366097.1,118
15090,314,1,56793.61,0
15091,60,2,88645.98,13
15092,221,2,91988.45,68
15093,24,9,285688.9,353
15095,110,5,141491.13,99
15096,49,1,24695.47,0
15097,10,1,84494.72,0
15098,188,5,3363.8700000000003,0
15099,90,1,62069.52,0
15100,336,6,17087.59,43
15101,15,3,20918.73,350
15103,37,2,89040.68,55
15104,173,3,174232.78,115
15105,24,7,245407.22,116
15106,24,7,305155.04,251
15107,317,8,54873.92,61
15108,148,5,152643.96,85
15109,247,2,57880.86,4
15110,30,7,72125.9,294
15111,35,3,192357.78,343
15113,16,4,230684.18,44
15114,36,10,494299.58,271
15115,24,1,73204.23,0
15116,24,4,130968.39,187
15117,21,6,217873.29,200
15118,140,1,6184.349999999999,0
15119,252,1,40376.32,0
15120,136,2,65185.31,4
15121,56,2,79699.23,238
15122,91,6,223124.66999999998,212
15123,13,2,266943.8,198
15124,29,2,29338.28,169
15125,31,23,327968.08,245
15127,72,1,32452.600000000002,0
15128,66,8,270000.91,159
15129,56,11,207324.8,241
15130,176,1,55090.77,0
15132,24,5,142674.69,244
15133,134,3,71955.2,174
15134,21,8,184761.86000000002,225
15135,239,2,28218.57,5
15136,9,5,190732.23,93
15139,246,2,29961.2,96
15140,58,8,210037.65,211
15142,52,1,63270.54,0
15143,232,1,34024.95,0
15144,14,18,544018.52,304
15145,10,4,164607.93,244
15146,171,3,247418.16999999998,126
15147,225,2,81265.7,21
15148,17,1,50215.32,0
15149,140,1,73841.07,0
15150,23,11,855962.84,251
15152,16,16,660361.91,177
15153,37,1,59562.6,0
15154,80,2,209159.86000000002,1
15156,7,3,125001.39,32
15157,10,5,331732.12,354
15158,51,1,22003.079999999998,0
15159,8,34,1892495.5,359
15160,363,1,12029.36,0
15163,24,2,85125.9,173
15164,75,3,255568.22,270
15165,379,1,68081.27,0
15167,327,1,101845.17,0
15168,32,1,14418.640000000001,0
15171,331,2,13256.62,6
15172,15,5,288953.27,227
15174,329,1,22834.66,0
15175,78,1,62499.33,0
15178,266,1,5386.129999999999,0
15179,24,7,240314.53,345
15180,373,1,21379.29,0
15181,72,5,56662.97,299
15182,160,2,51299.05,114
15184,35,2,167254.15,161
15185,76,1,74708.9,0
15186,20,2,46956.520000000004,154
15187,8,18,246643.57,210
15189,7,53,678561.83,331
15192,126,3,144517.86,245
15193,67,1,58000.98,0
15194,9,22,844288.65,365
15195,9,1,2889.0,0
15197,15,5,73084.51,349
15198,98,2,26276.35,31
15199,65,4,43352.74,249
15201,85,11,254660.24,168
15203,32,6,385328.71,285
15204,363,1,19225.920000000002,0
15205,91,3,91077.97,42
15206,16,4,23519.510000000002,265
15208,7,6,109030.44,352
15210,231,1,45251.99,0
15211,66,2,138513.44,304
15212,245,2,11203.09,1
15213,325,3,39637.020000000004,11
15214,8,8,281474.72000000003,241
15215,51,6,101211.2,272
15216,94,1,5605.16,0
15218,17,11,402288.33,308
15219,182,1,20194.17,0
15220,58,7,308783.61,229
15221,372,2,29230.1,3
15222,325,1,15209.19,0
15223,232,3,84800.77,23
15224,364,3,37572.73,4
15225,240,1,59476.13,0
15226,317,1,32041.010000000002,0
15227,43,5,139067.58,280
15228,72,5,320321.16,228
15230,245,2,73004.23,1
15232,119,2,70191.35,27
15234,283,1,37202.600000000006,0
15235,224,12,362484.39,155
15236,305,1,43439.53,0
15237,8,4,256800.75,225
15238,35,5,147445.22,154
15239,16,3,140914.16,68
15240,51,7,233040.74,326
15241,73,9,329985.73,216
15243,80,1,64462.05,0
15244,71,2,70649.99,182
15245,140,3,222191.82,127
15246,244,2,95196.51,120
15247,128,1,11468.66,0
15249,38,15,940724.08,224
15251,15,15,362614.57,232
15252,42,2,108494.97,146
15253,22,6,188111.21,153
15254,133,1,45242.81,0
15255,73,1,106540.44,0
15256,155,1,18896.14,0
15257,287,2,26930.62,2
15258,175,2,95024.21,48
15260,106,8,192086.26,272
15261,141,1,52215.590000000004,0
15262,330,1,39405.15,0
15263,113,1,35518.93,0
15264,70,1,38927.48,0
15265,157,2,216057.71,84
15266,344,1,7014.58,0
15267,28,5,34693.38,160
15269,30,1,5274.4,0
15270,22,9,121374.65000000001,294
15271,13,16,705186.2,358
15272,63,2,174288.57,28
15274,10,2,117214.24,14
15275,37,2,106023.5,6
15276,72,1,136063.51,0
15277,53,1,33368.87,0
15279,361,2,58276.54,10
15280,178,1,36725.6,0
15281,65,12,451702.49,274
15286,56,1,10425.14,0
15287,28,3,55857.11,48
15288,49,5,259486.05,322
15289,35,4,152732.36,220
15290,11,21,545702.3099999999,354
15291,32,20,331215.51,348
15292,207,1,66951.24,0
15296,50,10,542009.26,282
15297,16,4,96807.46,53
15298,8,14,506056.98,364
15299,73,11,27118.91,304
15300,70,1,64654.69,0
15301,57,14,617869.89,317
15303,296,1,75250.28,0
15304,67,10,57282.29,307
15306,70,3,137132.26,83
15307,102,1,32816.799999999996,0
15308,277,2,38770.28,3
15311,7,118,6301150.63,373
15312,81,5,97708.99,279
15313,116,1,3508.7999999999997,0
15314,205,1,58188.05,0
15315,70,3,78194.84,51
15316,333,1,3008.2799999999997,0
15318,10,1,105362.08,0
15319,290,1,46045.05,0
15320,50,1,86460.94,0
15321,55,4,258434.96,242
15322,70,2,119059.59,21
15325,110,1,105942.94,0
15326,340,1,46542.630000000005,0
15327,59,1,17256.41,0
15329,41,5,186224.54,329
15330,38,2,27886.0,28
15332,372,4,71107.08,3
15333,214,1,47260.229999999996,0
15334,163,3,300051.31,16
15335,60,1,87203.79,0
15339,72,3,232546.62,251
15341,87,1,33813.98,0
15342,122,2,76247.25,13
15343,93,1,68099.73,0
15344,7,5,64185.93,73
15345,41,2,64276.96,10
15346,339,1,43660.49,0
15347,372,1,8963.83,0
15348,78,1,25860.03,0
15349,164,2,161713.7,29
15350,379,1,24554.629999999997,0
15351,18,10,574898.07,357
15353,261,2,151091.88,113
15355,35,2,31151.29,23
15356,37,10,1357179.8,336
15358,11,29,1401715.3,360
15360,46,1,28683.28,0
15361,368,1,20391.49,0
15363,247,2,46762.2,131
15364,102,2,88458.99,158
15365,32,9,377623.54,289
15366,81,2,86301.05,282
15367,63,5,253022.76,218
15368,27,1,5382.3099999999995,0
15369,150,1,1912.24,0
15370,47,8,257635.12,291
15372,143,1,63408.86,0
15373,14,13,301502.96,363
15374,135,1,4343.29,0
15376,46,3,299561.55,182
15379,175,8,489603.47000000003,189
15380,15,6,72028.27,356
15381,220,2,22771.36,54
15382,21,8,777056.54,280
15384,176,3,137981.91,202
15385,46,1,43200.21,0
15386,192,1,68538.76,0
15388,276,1,23747.18,0
15389,178,1,3014.8,0
15392,11,5,216243.03,355
15393,22,2,26924.25,264
15394,16,4,188726.96,348
15395,332,1,21384.120000000003,0
15396,119,1,35947.840000000004,0
15397,296,1,15473.33,0
15398,22,3,208765.11,62
15399,7,3,133328.59,77
15400,98,6,36908.55,186
15402,155,2,124007.95999999999,47
15405,195,1,24364.06,0
15406,24,4,177768.67,282
15407,40,4,366086.57,271
15408,270,1,82521.97,0
15410,90,8,366483.04,177
15411,32,5,258476.16,156
15412,177,1,20207.93,0
15414,16,3,110805.28,232
15415,319,1,165772.26,0
15416,71,5,503646.03,218
15417,91,1,81972.28,0
15419,31,1,13410.31,0
15421,65,4,143274.02,251
15422,329,2,21296.42,0
15423,44,1,6874.91,0
15424,260,2,46607.89,0
15426,25,7,803410.97,350
15427,39,3,776290.86,13
15428,21,1,16034.380000000001,0
15429,33,3,204637.66999999998,48
15432,29,1,21852.21,0
15433,85,3,131825.52,188
15434,14,6,162719.38,191
15435,28,1,89826.77,0
15436,18,3,839294.89,221
15437,268,1,111104.41,0
15438,137,1,53429.479999999996,0
15440,61,3,178169.97,154
15442,255,1,8638.78,0
15443,8,8,1008499.6900000001,318
15444,15,2,554658.28,31
15445,270,1,15373.47,0
15447,337,1,21484.559999999998,0
15448,319,1,55915.71,0
15449,32,5,149910.77,235
15450,36,1,57181.49,0
15452,36,3,140940.55000000002,234
15453,8,7,717510.52,185
15454,368,1,63078.38,0
15456,289,3,158259.07,75
15457,268,1,127291.53,0
15458,31,1,31385.510000000002,0
15460,360,1,165826.93,0
15462,100,3,29718.45,92
15463,35,1,14955.630000000001,0
15464,344,1,363829.17,0
15465,26,24,260193.7,349
15466,91,1,127575.57,0
15467,15,4,112235.11,142
15468,41,5,88766.7,325
15469,49,4,66105.74,77
15471,8,1,217343.84,0
15472,119,1,217676.33000000002,0
15473,20,10,35057.88,46
15475,83,1,75764.02,0
15478,46,2,137500.03,16
15480,122,1,142787.57,0
15482,22,16,329995.87,343
15483,167,4,219486.07,105
15484,7,5,458524.26,77
15485,36,3,231567.55,343
15488,99,1,5192.0599999999995,0
15489,29,4,170414.2,188
15491,101,7,364834.05,140
15492,34,2,81221.1,46
15493,39,7,770397.76,238
15494,27,2,364828.03,99
15497,24,3,45690.03,302
15498,7,35,1343480.24,366
15500,14,4,155943.32,73
15502,22,23,637110.68,353
15503,369,1,170534.13,0
15504,87,1,26349.420000000002,0
15505,59,7,261461.31,102
15506,29,3,389258.10000000003,116
15507,178,1,137680.73,0
15508,195,6,242864.61,46
15510,337,1,8953.49,0
15511,18,5,411682.66000000003,73
15512,162,2,10519.96,203
15513,37,22,789459.66,342
15514,18,13,584009.43,352
15516,51,3,33221.14,1
15517,239,1,61356.619999999995,0
15518,70,13,532850.03,268
15520,8,1,46771.76,0
15521,42,13,550372.76,218
15522,39,2,150393.63,54
15523,90,1,18441.09,0
15524,31,1,17.36,0
15525,8,4,488956.78,371
15526,39,2,3764.87,0
15527,25,10,428057.43,335
15528,260,1,65175.73,0
15529,29,12,1746067.58,343
15530,28,4,283100.58,225
15531,14,2,579039.01,22
15532,31,6,682296.06,332
15533,25,5,234525.7,69
15535,179,7,194153.43,192
15537,169,1,69117.01,0
15539,13,1,104983.72,0
15540,17,1,38104.13,0
15541,120,1,80915.09,0
15543,294,1,92034.2,0
15544,15,11,703183.76,363
15545,60,2,227690.92,316
15547,13,14,1740523.93,354
15549,83,4,284510.93,239
15550,10,4,150879.22,297
15551,43,1,67943.48,0
15552,223,1,41923.73,0
15553,66,1,133602.61000000002,0
15554,284,1,45305.67,0
15555,18,20,2309352.21,357
15556,30,1,99012.66,0
15557,35,1,55070.740000000005,0
15561,18,5,54702.23,203
15562,358,1,4587.26,0
15563,15,7,305318.56,349
15565,56,2,32280.18,20
15567,25,1,20363.66,0
15568,9,3,132196.29,70
15569,110,5,74487.05,228
15570,13,13,895418.44,362
15571,18,4,171095.52,66
15572,11,7,582108.74,273
15573,38,2,283648.52999999997,53
15574,184,4,405525.08,194
15576,44,1,114422.41,0
15577,157,3,94418.21,154
15578,168,1,21817.59,0
15579,75,2,124440.1,245
15581,127,14,392245.92,245
15582,31,3,104583.39,195
15584,30,5,349355.79,138
15585,183,1,87126.11,0
15587,56,4,32967.409999999996,301
15589,259,4,75590.85,58
15590,295,1,894.04,0
15592,53,1,61658.22,0
15593,77,1,16642.55,0
15594,22,6,266118.83,218
15596,107,9,222784.74,264
15597,36,2,61114.33,5
15598,41,3,30247.13,17
15599,33,2,130660.58,177
15601,17,17,1020057.74,361
15602,14,15,132924.27,359
15603,85,1,6904.26,0
15604,58,1,62155.46,0
15605,42,5,163416.54,337
15606,63,11,232275.72,267
15607,343,1,30511.05,0
15608,34,4,163959.19,92
15609,189,2,41951.479999999996,1
15610,58,1,17343.2,0
15611,16,15,98095.87,325
15612,42,2,12945.619999999999,25
15615,16,27,1059218.19,348
15618,39,5,114613.79,103
15619,17,1,8305.26,0
15620,56,6,255511.49,308
15621,10,6,44950.020000000004,17
15622,9,16,591672.22,279
15623,147,1,39419.060000000005,0
15624,123,4,95593.59999999999,139
15625,106,8,164781.57,135
15626,81,2,163943.55,254
15628,11,10,406615.38,362
15630,51,3,165168.79,159
15632,22,10,489687.68,259
15634,23,1,37458.85,0
15636,96,2,48919.47,192
15637,59,1,31390.09,0
15638,307,1,2292.45,0
15639,140,1,72765.75,0
15640,10,17,1250392.8699999999,367
15641,111,4,308849.67,253
15643,185,6,95409.9,103
15644,172,4,621850.7,94
15645,25,1,95936.59,0
15646,164,4,50604.57,214
15648,210,4,92179.83,62
15649,342,2,3012.3900000000003,31
15651,43,3,73583.1,223
15652,97,1,42357.64,0
15653,99,2,19253.39,23
15654,15,2,56327.11,16
15655,239,2,81654.03,10
15656,51,4,111077.15000000001,238
15657,29,1,434.52,0
15658,196,8,133555.49,182
15659,50,1,29663.949999999997,0
15660,31,12,218573.09,340
15661,323,2,14704.5,21
15663,112,1,27068.28,0
15664,57,2,44693.45,308
15665,174,2,308990.86,74
15667,46,1,21881.62,0
15668,224,1,760.43,0
15669,46,5,69187.27,223
15670,303,1,22936.289999999997,0
15671,25,10,222182.93,252
15673,94,4,383281.81,238
15674,79,8,341855.73,181
15675,87,3,58283.5,198
15676,15,5,567816.43,274
15677,55,1,93422.14,0
15678,59,1,31340.77,0
15679,30,4,310889.1,158
15680,15,3,193252.57,356
15681,24,6,158992.58,261
15683,123,1,9077.76,0
15687,15,11,471447.7,321
15689,126,2,21886.13,241
15690,10,2,51742.18,96
15691,258,1,2958.03,0
15692,34,1,24228.23,0
15694,7,15,198549.57,372
15695,273,2,41819.81,0
15696,39,12,451579.09,293
15699,24,1,33030.16,0
15700,178,3,185057.03,1
15701,8,4,688974.6799999999,108
15703,271,1,23316.339999999997,0
15704,146,4,327049.11,75
15705,207,1,11663.310000000001,0
15706,66,7,151557.84,56
15707,41,4,554708.34,51
15708,47,11,689960.33,329
15709,290,1,17119.31,0
15712,15,5,121004.2,278
15713,149,3,38125.16,222
15714,18,2,99358.83,66
15716,152,4,332470.18,223
15717,240,1,13673.759999999998,0
15719,39,14,2451257.26,304
15720,30,1,338284.19,0
15721,18,1,221652.91999999998,0
15722,42,6,210919.46,254
15723,371,1,99337.08,0
15724,207,3,17238.25,83
15725,21,1,76269.62,0
15727,23,7,754731.97,342
15728,55,1,7597.360000000001,0
15729,204,2,16323.619999999999,14
15730,72,4,199495.91999999998,140
15732,218,2,37891.05,159
15733,289,1,21157.66,0
15734,121,2,48323.38,85
15737,21,12,206900.23,228
15738,25,19,461495.55,353
15739,72,1,21479.84,0
15740,55,1,11512.52,0
15743,22,4,248056.65,168
15744,84,1,8194.369999999999,0
15745,15,6,140339.76,227
15746,140,2,64585.29,0
15747,19,3,252593.86000000002,160
15748,46,1,53173.65,0
15749,241,4,35642.72,97
15750,9,9,790793.98,364
15752,46,8,998605.21,333
15753,311,1,30.82,0
15754,57,4,75881.52,195
15755,7,8,387562.6,293
15756,67,4,491048.7,187
15757,72,2,120115.14,152
15758,31,1,24984.46,0
15759,224,3,7753.53,139
15762,71,2,99238.39,12
15763,38,3,172407.57,45
15764,87,10,518900.75,195
15766,70,1,35082.770000000004,0
15768,122,4,67521.39,110
15769,13,29,434335.82,363
15773,12,1,26543.19,0
15774,75,1,66993.43000000001,0
15775,251,1,18077.72,0
15776,139,1,40614.22,0
15777,247,5,60488.22,120
15780,190,3,89571.82,174
15781,31,4,37233.27,280
15782,16,4,119314.33,79
15783,17,1,31913.07,0
15785,36,8,239755.66999999998,265
15786,50,5,701330.28,70
15787,32,3,560263.45,35
15789,364,1,68022.52,0
15790,16,1,89698.88,0
15791,50,3,184543.53,160
15793,15,4,37173.92,259
15795,156,1,124548.41,0
15796,7,10,331071.07,301
15797,119,4,14599.87,206
15799,82,3,218695.18,258
15800,113,2,311049.14,139
15801,52,4,171125.98,63
15802,149,3,10236.45,0
15803,57,1,20642.33,0
15804,7,19,731742.78,198
15805,29,20,789810.32,341
15806,52,3,70826.18000000001,230
15807,56,3,123015.75,26
15808,312,5,513228.28,63
15809,42,6,97762.42,267
15810,85,7,270156.63,218
15811,23,9,364717.92,348
15812,113,5,104714.42,210
15813,214,2,103286.71,31
15814,9,6,202004.72,47
15815,70,5,119078.03,196
15819,55,4,303279.99,227
15820,326,1,48783.76,0
15821,50,2,146546.58,17
15822,9,2,77533.95,356
15823,343,2,37647.21,34
15825,178,1,51043.42,0
15826,57,4,190609.38,159
15827,79,20,357219.2,299
15829,105,2,123641.52,41
15830,35,2,108472.2,8
15831,64,4,173822.62,265
15832,260,1,143751.38999999998,0
15834,76,6,703152.25,301
15835,50,4,147924.6,286
15836,51,2,38903.270000000004,4
15837,71,1,67371.88,0
15838,17,21,417247.56,360
15839,31,5,178093.0,122
15840,65,3,59506.06,113
15841,70,6,119298.03,274
15843,310,1,13559.6,0
15844,52,1,16465.78,0
15845,24,10,360709.01,319
15847,44,2,59296.509999999995,249
15850,25,2,216163.21,148
15852,193,2,51755.42,10
15853,58,1,97897.75,0
15854,10,12,346952.27,357
15855,143,5,196861.13,126
15856,10,31,1736788.3800000001,361
15857,25,1,41088.39,0
15858,22,5,444384.57,351
15860,47,8,360945.11,327
15861,18,9,1400247.83,254
15862,14,4,351951.76,365
15863,32,2,40781.35,167
15864,28,8,62639.16,293
15865,47,3,96115.75,173
15866,107,1,114880.76000000001,0
15867,11,16,1241683.28,363
15869,283,2,43372.22,0
15870,39,1,200384.25,0
15872,21,2,310889.18,0
15874,69,9,414660.17,220
15877,8,3,389088.53,16
15880,375,2,285067.65,0
15881,318,8,76068.28,52
15882,205,5,76040.37,169
15883,8,2,126589.67,31
15885,99,3,35378.94,216
15886,66,1,27236.73,0
15888,86,2,30217.52,0
15889,163,2,220885.97,212
15891,233,1,129673.66,0
15894,259,2,93258.28,115
15895,156,1,21648.5,0
15897,200,2,67173.34,0
15898,7,6,216602.52,367
15899,375,1,7612.73,0
15900,30,1,134308.3,0
15901,23,3,309339.01,138
15903,16,8,216011.85,285
15904,14,1,80417.87,0
15906,26,8,367012.05,235
15907,10,3,622606.91,206
15909,180,1,9215.56,0
15910,7,8,645465.51,315
15912,184,2,57725.22,54
15916,22,10,367136.85,350
15917,254,1,22862.09,0
15918,197,2,104998.32,80
15919,26,2,377893.82,349
15920,160,4,163447.31,0
15921,179,1,63571.7,0
15922,378,2,33392.130000000005,0
15923,379,1,45287.51,0
15925,200,1,29938.809999999998,0
15930,73,1,60081.95,0
15932,10,11,339899.97,285
15933,27,3,222375.5,65
15935,245,2,33678.24,2
15937,70,1,19586.7,0
15938,118,5,62031.979999999996,211
15939,96,16,195236.39,241
15940,317,2,3296.84,0
15942,140,1,31904.850000000002,0
15944,283,1,17672.07,0
15945,371,1,4651.2,0
15947,89,1,99088.20999999999,0
15948,14,2,137987.7,35
15949,23,2,61684.82,54
15950,8,5,307601.37,357
15951,7,3,100069.95,284
15952,40,4,260275.63,191
15953,21,10,218682.84,354
15955,30,16,491424.88,348
15957,38,1,99337.45999999999,0
15958,80,1,15566.01,0
15963,26,2,55068.48,25
15965,23,4,337190.52,350
15967,29,2,199917.76,295
15969,9,4,46894.95,182
15970,310,1,31602.480000000003,0
15971,24,12,104135.75,293
15973,242,3,18980.58,130
15974,45,8,466409.48,249
15975,90,1,52848.0,0
15976,171,2,253643.83,54
15977,23,2,179511.4,21
15978,83,1,120229.09,0
15980,95,3,124926.19,165
15981,31,8,241831.53,286
15983,28,4,283875.62,351
15984,9,11,659014.93,365
15985,129,3,93202.93000000001,113
15986,36,1,27285.98,0
15987,18,7,340160.68,356
15988,25,1,90382.23,0
15990,50,2,109826.89,243
15992,10,1,13814.35,0
15993,15,10,1514417.61,35
15994,61,1,81246.75,0
15996,94,7,350966.06,277
15998,43,6,1331747.57,325
16000,9,3,30718.879999999997,0
16003,36,5,310705.71,329
16005,18,4,546178.16,258
16006,217,1,16235.25,0
16007,54,4,930375.02,167
16008,30,3,78396.55,180
16009,28,4,228691.03,137
16010,252,3,233372.4,116
16011,14,16,515136.55,357
16012,41,3,272512.16,119
16013,10,54,350606.38,367
16014,42,4,372120.11,255
16015,10,4,432170.39,45
16016,9,10,648994.04,363
16017,53,1,66362.54,0
16018,45,2,72737.48,141
16019,8,10,427618.41,362
16020,23,3,127194.16,48
16022,266,1,193514.6,0
16023,52,3,296769.59,220
16024,18,1,151137.58,0
16025,36,1,74332.48,0
16026,49,1,81428.48999999999,0
16027,98,7,43982.69,210
16029,45,76,666040.41,335
16030,316,1,87847.21,0
16031,98,2,237616.98,154
16033,12,27,2966264.28,364
16034,202,3,55518.229999999996,136
16036,93,2,147952.31,176
16037,276,3,84687.0,88
16038,14,4,79090.83,194
16040,71,3,208075.45,203
16041,37,3,16660.96,110
16042,28,7,202708.93,350
16043,44,4,114463.98999999999,280
16045,126,4,194029.47,170
16048,92,3,16125.599999999999,287
16049,46,3,811462.45,34
16050,180,1,23188.22,0
16052,60,1,72778.48,0
16053,39,2,224087.4,89
16054,151,1,153569.18,0
16055,227,1,25474.8,0
16056,51,1,163527.37,0
16057,10,10,305242.87,280
16059,72,6,465850.28,301
16061,275,1,4228.0,0
16062,16,4,151245.11,355
16063,266,1,54043.84,0
16065,371,1,171132.2,0
16066,23,5,266463.99,107
16070,28,2,118198.34,9
16071,51,1,38295.85,0
16072,294,1,53185.75,0
16073,298,2,2280.2200000000003,5
16076,9,11,303352.65,205
16078,290,1,2841.0,0
16079,23,3,58262.08,23
16080,88,3,36889.12,192
16081,62,5,601945.63,310
16083,107,2,61611.82,259
16084,305,1,117676.9,0
16085,29,5,475231.89,297
16086,65,6,77832.31,307
16091,161,2,43935.6,43
16092,105,5,138854.02,155
16093,113,1,490.23,0
16094,18,6,153346.34,325
16096,270,1,30591.06,0
16097,246,1,22756.01,0
16098,94,7,181718.44,286
16099,56,3,126998.06,175
16101,15,3,180894.8,61
16102,48,3,114481.49,86
16103,13,6,146616.59,226
16104,68,1,66921.92,0
16105,255,1,44784.450000000004,0
16106,72,1,15692.990000000002,0
16107,24,7,73540.3,165
16108,91,2,136364.11,0
16109,225,2,56052.24,89
16110,51,3,839151.97,266
16112,149,4,50931.6,195
16113,189,1,97383.37,0
16114,177,1,7278.7,0
16115,16,8,654877.91,282
16116,212,2,79121.45,5
16117,196,1,80775.22,0
16119,14,2,47153.62,64
16120,65,5,90209.77,0
16121,63,2,552060.57,158
16122,79,4,103999.41,293
16123,58,1,49393.98,0
16124,322,2,35368.81,1
16125,373,1,22354.33,0
16126,35,4,306531.99,267
16127,45,1,96092.94,0
16128,24,5,228761.77,264
16131,58,6,204181.19,188
16133,10,46,904343.6900000001,314
16134,28,3,72397.1,337
16135,269,1,45363.57,0
16136,66,3,81297.09,217
16138,374,1,491.65999999999997,0
16139,25,3,91924.03,187
16140,59,4,85262.16,318
16141,94,1,76104.5,0
16142,256,1,78469.52,0
16143,9,7,330789.01,365
16144,253,1,826.1,0
16145,15,18,595507.68,351
16146,163,3,73868.31999999999,74
16147,140,1,50175.18,0
16148,302,1,386.82,0
16149,11,2,56044.51,137
16150,45,10,375418.54,333
16152,275,1,82078.96,0
16153,56,5,252987.13,305
16156,15,13,368018.86,302
16157,22,4,55116.79,56
16159,288,1,33586.58,0
16160,70,4,29763.969999999998,21
16161,8,26,1287494.01,367
16162,258,1,7730.01,0
16163,231,3,18122.75,140
16164,23,4,87056.96,25
16168,17,28,247453.05,359
16169,14,4,215407.12,67
16170,57,7,339711.21,197
16171,65,1,5114.9800000000005,0
16172,101,5,166744.11000000002,146
16173,22,7,242191.0,82
16174,132,3,38458.05,25
16175,100,4,163009.3,145
16177,56,1,29988.64,0
16178,144,1,27198.359999999997,0
16179,67,1,32984.92,0
16180,106,10,428991.48,152
16181,79,1,31635.12,0
16182,78,4,71963.57,222
16183,73,1,33716.18,0
16184,70,7,145129.41,147
16185,23,2,74768.34,215
16186,29,13,540231.32,349
16187,38,17,762225.64,252
16188,51,4,186086.02,198
16189,22,2,31999.46,69
16190,46,1,25342.37,0
16191,9,25,394121.86,357
16193,243,1,42339.15,0
16198,81,1,34452.95,0
16200,10,2,424211.67,159
16201,9,5,287219.06,106
16202,367,1,45307.41,0
16203,65,5,68989.68,313
16204,29,1,134060.36000000002,0
16205,37,4,263752.76,148
16206,61,4,186236.2,272
16207,31,1,33544.58,0
16208,51,2,184546.56,244
16209,95,5,136392.58,157
16210,8,18,310604.09,372
16211,87,2,67577.84,7
16212,25,3,107928.1,264
16213,85,1,12941.650000000001,0
16214,177,3,123034.54,98
16215,87,1,42825.05,0
16216,273,1,85891.79000000001,0
16217,241,4,61228.8,46
16218,36,8,206328.79,343
16221,43,3,264972.77,330
16222,324,1,351316.37,0
16224,63,4,243579.46,192
16225,51,5,344622.0,232
16226,209,3,12709.230000000001,32
16227,225,2,17760.48,6
16229,93,2,110900.93000000001,125
16230,196,2,93029.98000000001,30
16232,39,5,92092.76,182
16233,77,5,54928.84,295
16235,47,6,132690.41,291
16236,84,1,55469.17,0
16239,63,3,44396.62,132
16240,14,5,360636.13,69
16241,16,13,1690036.68,360
16242,14,8,799758.19,268
16243,40,2,118148.64,21
16244,218,2,225720.2,160
16245,30,5,244641.59,233
16247,176,1,31977.68,0
16248,68,1,29527.31,0
16249,59,5,182249.63,186
16250,267,2,72464.44,112
16252,372,1,67126.73,0
16253,38,3,296631.72,223
16255,23,10,754444.77,348
16256,264,2,45546.69,8
16257,183,1,5764.29,0
16258,51,5,339345.17,173
16260,57,1,27642.78,0
16261,23,4,338405.53,228
16262,367,1,12652.2,0
16265,15,11,655233.84,355
16266,80,7,179885.12,132
16268,77,2,127923.92,0
16270,359,1,132655.04,0
16271,9,6,348725.57,355
16272,123,1,52078.33,0
16274,379,1,188974.24,0
16275,203,1,78833.08,0
16276,183,1,12113.18,0
16278,29,3,60824.81,76
16279,27,4,248182.59,312
16281,78,1,37231.31,0
16282,346,1,26139.559999999998,0
16283,12,7,403784.21,202
16284,37,2,292885.67,19
16287,176,1,22751.78,0
16292,123,2,47414.49,4
16293,15,12,314083.86,358
16295,16,4,204176.51,54
16297,219,4,58458.77,56
16298,29,3,54841.83,164
16302,114,2,39484.25,18
16303,32,4,461536.17,307
16305,145,1,71426.16,0
16306,220,9,111239.62,153
16308,44,4,6217.4400000000005,223
16309,98,3,107683.66,149
16311,24,2,75899.36,31
16313,9,2,39317.78,46
16315,337,1,31717.86,0
16316,70,12,443476.51,293
16317,126,3,208632.75,177
16318,41,1,48720.59,0
16319,224,1,16258.57,0
16320,178,2,147733.0,40
16321,78,7,27947.66,251
16322,7,2,118188.87,35
16323,202,1,868.5300000000001,0
16324,134,3,299260.51,48
16325,50,5,49214.11,201
16326,12,15,800116.79,328
16327,20,6,751096.63,355
16330,24,4,111944.24,94
16332,34,8,353238.19,277
16333,14,22,104311.25,302
16337,43,1,24315.73,0
16338,163,1,18187.48,0
16339,290,1,53369.33,0
16340,113,1,389125.43,0
16341,31,6,233689.66,176
16342,81,4,38753.799999999996,104
16343,22,2,140989.12,0
16344,164,1,3842.04,0
16345,50,1,106848.49,0
16347,17,2,260186.7,25
16348,38,7,541976.8099999999,207
16349,297,1,27609.730000000003,0
16350,27,5,135593.4,344
16351,339,1,20526.350000000002,0
16352,24,2,86241.43,20
16353,10,23,204214.85,366
16354,69,2,77673.78,9
16356,204,4,86822.91,79
16357,39,3,90857.2,180
16358,7,5,273154.29,183
16359,13,12,192948.08,324
16360,11,8,1709922.94,83
16361,16,4,253317.96,61
16362,38,9,215375.27,58
16363,59,1,18817.98,0
16364,18,2,129027.5,125
16365,24,9,121789.91,349
16366,25,1,59105.51,0
16367,43,2,356885.18,325
16368,8,2,138948.82,25
16369,24,3,267299.52,178
16370,88,4,537502.39,142
16372,39,2,238097.83,0
16374,72,2,263940.76,196
16376,15,3,304712.97,8
16377,273,1,10919.93,0
16378,253,3,65869.42,63
16379,10,5,281342.07,74
16380,67,1,75581.18000000001,0
16383,81,2,240767.42,193
16384,96,2,93712.16,174
16385,66,3,180339.19,306
16386,35,2,247363.29,225
16387,329,1,7907.29,0
16389,59,5,108026.51000000001,229
16392,276,1,117678.86,0
16393,8,20,950469.97,366
16394,56,9,218081.94999999998,239
16395,67,5,518665.13,270
16398,151,4,197520.01,109
16399,25,2,211031.82,216
16400,101,1,89089.39,0
16401,7,20,549732.97,326
16402,271,2,147431.5,104
16403,308,2,37091.78,10
16404,76,1,65455.090000000004,0
16405,308,2,17907.530000000002,7
16406,25,1,141608.66,0
16407,19,10,347870.88,299
16409,42,5,575043.23,281
16411,25,2,115640.53,349
16412,60,1,87944.99,0
16413,63,1,83043.08,0
16414,28,2,13391.279999999999,258
16415,50,1,151802.11,0
16416,33,4,217228.26,29
16418,51,3,205220.79,181
16419,119,7,175664.84,199
16422,23,75,1002399.65,351
16423,31,1,55389.21,0
16424,197,2,9560.01,145
16425,308,1,50142.69,0
16426,8,10,898656.02,273
16427,269,2,19306.08,21
16428,87,1,2574.72,0
16429,112,1,3460.55,0
16430,63,1,15623.8,0
16431,219,3,186947.98,84
16432,70,1,25047.53,0
16433,34,1,47189.340000000004,0
16434,35,7,291961.49,270
16438,12,5,305298.33,76
16440,14,5,789126.1,206
16441,73,2,69877.98999999999,224
16442,8,3,389554.89,359
16444,52,5,220517.18,218
16445,40,1,157714.66999999998,0
16446,7,3,14565.53,204
16447,142,1,85517.98,0
16448,204,1,53044.26,0
16449,197,3,106270.2,89
16450,156,1,33151.71,0
16451,94,1,31050.21,0
16454,51,3,11826.95,196
16455,70,7,246297.22,307
16456,105,5,270675.49,273
16457,224,1,8856.58,0
16458,9,18,447892.38,357
16460,34,3,356875.19,53
16461,184,1,88723.66,0
16462,70,4,12961.310000000001,219
16463,27,7,235610.31,182
16464,26,3,597935.45,122
16466,40,7,360808.02,258
16468,80,1,2891.4700000000003,0
16469,30,4,437932.26,222
16470,58,5,404278.83,307
16471,281,1,26269.22,0
16473,171,4,43468.78,171
16474,13,11,983465.44,137
16475,94,4,61666.51,185
16477,70,7,393602.43,307
16478,31,3,52357.4,40
16479,16,2,111753.15,0
16480,82,1,153593.67,0
16482,22,1,37217.69,0
16483,198,1,55612.17,0
16484,180,3,57763.91,17
16485,83,1,102836.56999999999,0
16488,39,4,74388.26,115
16491,53,1,91516.65,0
16493,79,6,147045.6,257
16494,303,1,119538.34,0
16495,9,3,240692.79,272
16496,15,4,269589.93,308
16497,56,6,317687.58,283
16498,167,3,38580.88,0
16499,366,5,54084.659999999996,5
16500,11,6,22471.55,326
16503,113,5,225101.71,253
16504,31,1,239803.39,0
16505,38,1,7079.75,0
16506,26,2,8790.69,20
16509,303,1,32237.32,0
16510,378,1,42175.68,0
16511,28,3,386149.82,244
16513,11,4,106535.34,38
16515,58,5,259166.05,259
16516,36,1,16306.61,0
16517,283,1,42392.08,0
16518,67,3,113303.14,222
16519,31,2,47302.590000000004,340
16520,192,4,410018.77999999997,179
16523,8,28,807058.27,313
16525,8,29,561025.05,364
16526,178,1,37325.05,0
16527,87,1,46778.229999999996,0
16528,10,1,42634.479999999996,0
16529,196,1,75259.74,0
16531,28,7,191058.07,338
16532,24,3,14775.52,320
16533,25,5,458223.51,48
16535,11,1,68193.74,0
16536,113,2,151262.83,2
16539,9,4,127875.91,370
16542,60,1,15052.75,0
16545,171,1,5516.8,0
16546,297,3,92782.29,81
16549,16,10,2391086.98,324
16550,115,9,619832.56,259
16551,102,3,73758.76,240
16552,249,2,45943.09,130
16553,169,14,263296.63,203
16554,9,7,209859.97,328
16555,41,2,56609.7,74
16556,73,7,533456.82,293
16557,30,2,17407.19,113
16558,7,24,1175152.21,365
16560,27,3,139359.37,337
16561,12,2,85203.84,54
16563,60,1,59315.79,0
16565,370,1,8550.08,0
16566,21,6,41057.08,277
16567,200,2,77117.11,142
16569,9,1,15597.09,0
16570,15,15,330013.28,351
16571,9,5,270350.4,278
16572,133,4,155064.07,148
16573,80,4,118516.48,216
16574,77,1,94386.04,0
16579,371,1,3139.8900000000003,0
16581,161,2,30634.63,27
16582,119,1,9829.86,0
16583,380,1,57940.68,0
16584,86,3,63775.1,174
16586,255,1,15479.07,0
16587,238,1,37018.14,0
16589,77,3,87869.44,90
16591,75,1,27022.739999999998,0
16592,10,19,588600.04,283
16593,57,3,71175.19,277
16594,81,1,134366.26,0
16595,67,1,188744.91999999998,0
16596,22,2,22739.66,350
16597,10,1,14539.4,0
16598,283,2,29921.37,8
16600,10,6,188636.96,334
16601,47,1,61749.3,0
16602,37,2,83898.69,5
16603,81,2,85180.23,16
16607,24,16,463108.14,341
16609,21,9,728067.56,237
16610,225,1,10131.08,0
16611,192,2,22656.77,46
16612,39,4,213304.28,278
16613,76,1,83261.48,0
16614,189,1,70286.79,0
16616,21,2,110430.42,142
16617,242,1,19292.12,0
16618,37,6,251636.75,291
16619,260,2,44754.67,10
16620,10,2,21607.72,257
16621,58,4,93856.29,226
16623,252,1,9140.36,0
16624,87,2,132144.03,116
16625,281,1,48167.68,0
16626,7,20,436031.14,265
16627,85,1,36068.48,0
16628,36,6,309988.52,205
16629,80,2,145524.46,22
16633,23,7,380457.27,216
16634,229,2,28288.49,149
16637,38,5,201605.55,193
16638,29,11,240507.1,346
16639,31,4,141123.0,210
16641,112,1,26603.62,0
16642,11,3,83809.73,202
16643,252,1,58568.91,0
16644,184,2,143303.03,34
16647,176,2,30439.63,35
16648,45,2,53392.92,4
16650,78,1,54872.52,0
16652,60,11,305980.56,219
16653,22,3,258222.82,55
16654,147,5,80318.27,227
16655,24,6,633778.64,314
16656,28,21,212178.81,342
16657,16,4,554038.62,244
16658,374,1,20527.760000000002,0
16659,195,1,11217.67,0
16660,22,5,40432.85,303
16665,368,1,9158.27,0
16666,25,1,78096.43,0
16667,74,2,145964.71,216
16668,21,6,51492.259999999995,269
16669,30,4,343230.08,54
16670,23,17,685220.62,341
16671,34,3,21022.809999999998,136
16672,8,23,311875.76,264
16674,61,2,249021.81,43
16676,40,5,195134.2,303
16678,9,17,445001.58,280
16679,372,1,3842.71,0
16680,49,1,20435.41,0
16681,79,6,115082.45,180
16682,11,5,57717.18,183
16684,10,31,746059.85,353
16685,67,2,153242.27,0
16686,53,9,1506677.02,307
16688,7,4,129916.29,59
16689,82,3,38073.89,6
16690,50,3,33247.11,158
16692,262,2,4690.25,32
16693,75,2,157914.05,203
16696,141,4,23398.190000000002,112
16697,247,1,37904.44,0
16698,233,2,9879.05,26
16700,15,17,777066.63,357
16701,15,18,377246.33999999997,352
16705,7,29,762175.4,358
16706,43,3,336142.24,76
16708,52,1,62460.28,0
16709,91,5,207214.69,197
16710,25,10,1010151.9,349
16711,9,5,47870.07,354
16712,15,11,1126286.31,266
16713,25,21,1599302.8800000001,348
16714,225,4,225045.03,98
16715,84,1,58896.07,0
16716,273,3,3519.5,44
16717,15,9,614522.03,357
16718,375,1,114584.84,0
16719,21,8,527966.28,353
16720,32,1,76369.05,0
16721,268,1,108722.85,0
16722,23,16,585196.49,351
16723,97,2,140738.36000000002,16
16725,308,8,401519.02,69
16726,32,5,448999.55,335
16727,370,1,102607.95999999999,0
16728,52,4,612004.9400000001,218
16729,42,26,1666584.75,205
16730,58,4,209353.65,267
16732,38,1,93064.87,0
16734,58,3,133456.19,61
16735,85,7,313466.81,255
16737,59,1,214.89000000000001,0
16738,304,1,2914.4,0
16739,178,2,47361.15,4
16742,53,2,2329.02,0
16743,35,8,482619.98,329
16744,17,7,594969.75,161
16745,93,18,936627.51,225
16746,11,19,1145724.94,354
16747,31,4,113024.89,42
16748,24,5,202926.38,316
16750,51,5,242021.96,187
16751,37,1,56633.57,0
16752,379,1,15110.6,0
16753,64,1,94715.78,0
16754,378,1,5843.5,0
16755,120,5,405101.99,201
16756,221,1,40895.909999999996,0
16757,325,1,15823.11,0
16758,71,1,50250.8,0
16759,14,4,127119.96,23
16761,103,1,22150.47,0
16762,26,3,206596.49,124
16763,191,2,49199.770000000004,13
16764,10,18,1764165.88,139
16765,300,1,2350.11,0
16766,279,2,58983.36,0
16767,37,11,563673.3099999999,285
16768,54,5,144849.41,224
16769,266,1,101010.84,0
16770,64,6,399108.66,314
16771,39,5,640571.73,304
16773,63,1,58162.25,0
16774,74,5,137981.06,110
16775,16,11,434465.18,357
16776,66,1,216436.03,0
16777,86,2,106175.73,176
16778,80,2,47565.07,199
16779,8,28,891757.77,364
16780,106,2,131977.19,158
16781,371,2,34675.11,7
16782,16,19,408036.54,357
16784,26,1,17557.02,0
16788,129,2,400186.44,131
16789,14,1,19677.350000000002,0
16790,10,8,237874.44,34
16791,35,8,874352.38,303
16792,288,2,37242.06,0
16793,63,1,42267.74,0
16794,7,12,815600.81,179
16795,371,1,159972.87,0
16796,95,1,45348.4,0
16800,17,1,460223.54,0
16801,169,5,286668.7,110
16803,71,1,77320.24,0
16804,29,3,173842.25,247
16805,180,2,256372.51,186
16806,109,4,230169.88,135
16807,149,3,160384.73,128
16808,105,2,57018.130000000005,175
16809,29,6,376120.16000000003,239
16810,198,2,41657.63,168
16811,11,2,72003.29,12
16812,367,1,33704.72,0
16813,14,10,1089206.21,196
16814,20,22,857337.92,355
16816,109,4,62443.56,254
16817,9,13,252632.43,365
16818,17,13,489888.32,194
16820,102,1,78850.79,0
16823,233,1,97143.23,0
16824,22,2,69572.04,148
16825,45,2,88927.20999999999,147
16826,57,1,42648.27,0
16828,99,2,22199.19,19
16829,163,1,34862.48,0
16830,45,1,84195.95,0
16832,190,3,28819.440000000002,33
16833,7,4,115229.78,333
16834,234,1,69805.16,0
16835,134,2,11972.88,244
16836,46,2,28790.879999999997,76
16837,37,12,403210.89,214
16838,203,3,66393.82,90
16839,15,39,744865.24,360
16841,43,7,335720.12,250
16842,70,4,145861.19,238
16843,49,17,952083.02,284
16846,56,1,36208.11,0
16847,49,1,51374.22,0
16848,59,1,32784.99,0
16849,193,1,23949.170000000002,0
16850,340,1,34282.64,0
16851,10,3,48872.63,47
16852,16,2,16686.64,165
16855,30,2,49877.9,19
16856,21,1,11279.09,0
16858,372,2,32744.120000000003,2
16859,112,5,183511.86,155
16861,66,3,22920.730000000003,308
16863,35,4,65046.74,337
16866,147,3,26767.54,20
16869,29,5,295044.58,152
16871,28,7,361711.61,248
16872,83,3,27244.78,107
16873,11,10,655118.55,359
16875,70,9,311478.08,275
16877,18,6,405297.28,195
16878,31,2,12096.32,59
16880,37,7,466382.89,158
16881,73,1,60.32,0
16882,73,3,106251.27,250
16883,193,2,96578.94,184
16884,44,2,81611.96,0
16885,21,3,286160.45,341
16887,41,1,114802.71,0
16889,201,3,348562.65,142
16891,8,5,506560.46,369
16892,7,7,270041.89,321
16893,373,1,136629.74,0
16895,71,1,170542.52,0
16897,305,3,138432.69,14
16898,32,4,427605.19,342
16899,14,6,323279.51,352
16900,18,5,206804.43,51
16902,122,1,102785.31,0
16903,35,1,162894.5,0
16904,10,16,1842647.62,362
16905,11,8,567978.02,366
16906,88,4,213624.08,166
16907,35,5,376479.09,336
16909,70,2,38345.53,8
16910,10,8,1451021.39,86
16912,29,14,264248.05,300
16913,296,1,12889.93,0
16914,42,1,126719.88,0
16915,15,6,177026.18,274
16916,30,2,355538.28,348
16917,283,1,12737.4,0
16918,56,7,338831.26,267
16919,162,11,820353.04,212
16921,67,1,178809.87,0
16923,18,26,1803495.11,350
16924,27,4,242543.5,62
16926,377,1,34457.619999999995,0
16927,122,3,17183.38,245
16928,86,19,506440.28,292
16929,10,7,183477.22,151
16930,32,3,140061.07,42
16931,11,21,2375451.49,364
16932,59,1,106735.02,0
16933,7,5,117459.04000000001,238
16934,61,2,151683.94,0
16936,32,1,162111.17,0
16938,15,5,605343.31,300
16940,58,3,742861.73,237
16942,19,10,686044.47,215
16943,218,3,76956.36,106
16945,28,19,688644.02,336
16947,242,1,48135.93,0
16948,145,3,52329.090000000004,187
16949,10,7,162149.46,312
16950,63,3,111800.22,310
16951,129,4,220486.81,180
16952,115,2,39512.55,0
16953,36,1,6271.200000000001,0
16954,7,9,151558.42,358
16955,191,5,68805.82,188
16956,15,2,46924.14,8
16957,245,2,44881.9,42
16959,93,1,17484.37,0
16960,45,3,271909.57,213
16961,122,1,39802.33,0
16963,193,1,19219.12,0
16965,233,1,74956.14,0
16966,14,10,65140.030000000006,231
16967,195,1,55241.99,0
16968,10,2,67538.43000000001,103
16969,45,3,89993.89,152
16971,9,2,109598.56,35
16976,273,1,5696.66,0
16978,84,1,88392.55,0
16979,10,8,228424.0,294
16980,261,2,236522.1,36
16982,67,1,73939.92,0
16983,19,8,407257.01,356
16984,84,5,981770.9,52
16985,23,11,287147.44,341
16986,36,2,7102.38,0
16987,9,7,347767.37,202
16988,11,1,16634.809999999998,0
16989,13,6,30091.38,143
16990,225,1,898.9,0
16992,17,6,194577.16,299
16995,378,1,3401.6000000000004,0
16996,36,9,88116.13,328
16997,294,3,29706.73,37
16998,156,6,15055.68,154
16999,29,2,50980.86,50
17001,7,11,431538.17,358
17002,79,4,145010.12,217
17004,52,2,143710.88,46
17006,11,4,111550.55,70
17007,57,7,146821.65,306
17010,23,2,24184.41,1
17011,36,1,29387.13,0
17014,14,4,161823.95,58
17015,35,3,583845.21,156
17017,9,27,691527.71,369
17018,47,2,33386.95,285
17019,17,4,589801.36,357
17022,37,1,20129.63,0
17024,51,3,4379.549999999999,112
17025,67,3,17490.92,312
17026,191,2,5893.15,184
17027,85,7,393806.28,238
17029,117,2,5525.96,126
17030,70,1,25184.78,0
17031,18,2,60214.61,143
17033,92,3,60862.6,273
17034,22,4,82237.92,271
17035,252,3,79939.85,65
17037,84,2,212466.46,9
17038,36,1,67437.54,0
17040,144,1,38661.34,0
17041,33,4,206321.8,333
17042,9,5,267827.76,244
17043,38,4,262858.02,234
17044,15,3,33431.95,350
17045,119,3,53634.72,134
17046,163,1,53621.66,0
17047,91,3,178301.47,119
17048,121,6,121838.79000000001,215
17049,9,11,752740.67,273
17050,102,6,809736.97,203
17051,200,1,114301.5,0
17052,34,1,259246.58000000002,0
17053,135,2,40016.82,2
17054,34,6,197201.95,216
17058,88,3,185193.95,158
17059,36,5,1207102.69,339
17060,272,1,9860.41,0
17061,80,12,275307.58,158
17062,320,5,196341.43,55
17063,15,11,190637.32,280
17064,65,3,140265.79,268
17065,149,1,3225.6400000000003,0
17068,18,22,750667.7,355
17069,34,13,398109.62,345
17070,120,1,135275.82,0
17071,15,14,388841.84,301
17073,24,4,452824.7,91
17075,24,5,177081.73,299
17076,42,3,83192.14,328
17078,42,2,74354.68000000001,0
17079,84,1,5012.78,0
17080,28,3,28126.65,247
17081,31,2,185169.6,20
17082,39,2,213016.73,285
17083,115,3,144506.8,194
17084,41,2,450640.93,0
17085,129,6,536472.11,239
17086,13,6,225824.38999999998,56
17088,34,4,321356.33,225
17090,10,8,204127.47,349
17091,9,10,465568.33,365
17092,56,4,323385.61,227
17094,324,2,31699.27,4
17095,28,6,170960.75,312
17096,15,7,147691.96,252
17097,8,9,503275.83,363
17100,24,2,176492.87,0
17101,16,4,109345.23,167
17102,268,1,1321.02,0
17105,165,2,256575.39,147
17107,39,7,1078006.66,245
17109,35,8,293249.0,203
17110,171,1,20493.98,0
17111,53,1,79125.19,0
17114,12,10,338124.39,329
17115,14,5,110828.63,224
17117,294,1,20159.2,0
17118,324,1,15166.31,0
17119,9,3,108747.16,56
17120,239,1,47896.88,0
17122,125,1,7827.89,0
17123,168,1,27336.51,0
17124,191,1,85656.13,0
17125,56,1,111333.0,0
17126,158,7,625943.5,210
17128,341,1,24160.51,0
17131,11,5,335573.45,70
17133,22,7,53430.86,250
17134,113,2,68102.64,157
17135,22,7,158446.16,355
17138,282,1,52186.32,0
17139,22,15,1347445.05,273
17140,253,1,58308.82,0
17142,245,1,27031.41,0
17144,7,2,121801.39,83
17146,112,3,90632.51,253
17147,29,6,228490.61000000002,289
17148,58,1,26575.4,0
17152,201,4,38953.05,68
17153,30,1,33147.85,0
17154,81,1,64520.97,0
17155,24,2,55651.3,160
17157,14,3,32295.329999999998,168
17158,38,3,174235.24,328
17159,28,4,250235.71,150
17160,37,6,612540.1900000001,210
17162,35,11,224290.79,276
17163,28,2,17512.58,56
17164,39,8,341867.92,240
17165,290,1,31588.05,0
17166,45,3,29770.02,165
17169,56,4,145737.98,133
17171,295,1,46287.7,0
17172,81,2,38464.18,4
17173,11,9,261910.98,125
17174,224,1,11819.28,0
17175,50,5,135902.97,252
17176,208,1,35597.31,0
17179,184,3,223381.5,183
17180,62,6,342860.36,259
17181,63,2,54449.2,316
17183,14,8,158206.12,97
17186,53,2,4297.81,13
17187,233,1,26301.030000000002,0
17188,17,9,256798.58,351
17189,112,2,143179.12,253
17190,65,3,38528.68,148
17191,34,7,611039.69,340
17193,42,9,85501.42,141
17194,280,2,85668.8,86
17197,36,1,89906.59999999999,0
17198,30,3,262780.83,347
17201,60,1,108999.65,0
17203,42,6,368321.11,24
17204,175,9,179855.36,185
17205,60,1,20622.45,0
17206,59,1,20899.5,0
17211,33,9,485030.75,342
17212,259,1,10617.189999999999,0
17213,46,11,403202.96,326
17214,66,7,251655.91999999998,298
17217,240,1,27295.92,0
17218,10,10,801505.2,363
17219,38,1,76313.63,0
17220,30,14,1247115.31,339
17221,13,2,177085.65,28
17222,71,1,78393.46,0
17223,316,2,127537.22,58
17226,315,1,58506.49,0
17227,25,6,132500.24,349
17228,22,8,568955.93,356
17229,102,2,111435.7,46
17230,270,11,187951.9,95
17231,18,14,1335243.7,349
17232,9,2,96101.13,11
17233,41,1,65742.57,0
17234,189,1,34998.42,0
17235,31,2,72761.85,347
17236,19,6,312023.73,350
17237,17,2,38072.01,11
17238,9,17,1399244.1300000001,368
17239,319,2,38342.97,39
17242,114,2,115884.7,72
17243,7,30,1024568.3,368
17244,59,1,81429.05,0
17245,211,1,20187.75,0
17247,21,1,130872.46,0
17248,126,1,145961.38,0
17250,10,2,145232.80000000002,257
17251,369,1,105192.48,0
17252,123,2,249948.6,69
17253,24,1,53830.41,0
17254,11,2,275037.02,10
17255,47,2,181819.39,258
17256,113,2,32624.45,204
17259,154,2,331423.02,220
17262,58,5,22281.97,313
17263,214,1,56603.0,0
17265,145,2,332857.18,41
17266,8,3,185225.56,145
17267,133,2,106597.56999999999,0
17268,114,4,12549.39,137
17272,48,5,285607.39,220
17274,41,1,68701.52,0
17277,234,2,152230.92,95
17278,247,1,34492.85,0
17279,64,1,14302.130000000001,0
17282,136,3,233887.16999999998,169
17284,66,7,722482.47,276
17286,28,1,143193.23,0
17287,32,7,290657.91,346
17288,15,7,336005.11,349
17289,38,4,274831.13,148
17290,10,2,257842.91,12
17291,314,1,703.4399999999999,0
17293,14,9,324962.39,352
17295,35,3,162900.56,35
17297,23,1,126158.04,0
17298,107,2,81599.28,23
17299,18,4,163854.91,161
17301,27,1,170000.28,0
17302,21,6,213766.09,290
17303,367,1,121190.53,0
17306,17,21,168548.13999999998,342
17307,371,1,1128.46,0
17309,101,1,19783.989999999998,0
17311,84,2,149195.08,238
17312,145,3,31127.18,20
17313,24,2,75302.79,13
17314,31,11,405246.25,287
17315,7,43,1167595.2,356
17317,52,5,26844.08,43
17320,106,3,170103.88999999998,267
17321,14,2,242032.5,59
17323,21,9,565739.62,277
17324,24,4,118759.47,348
17325,286,1,15116.27,0
17329,20,2,87236.1,300
17330,29,2,9782.869999999999,44
17331,130,1,3591.87,0
17333,92,1,81992.49,0
17334,307,3,37001.66,7
17337,157,7,1363185.49,158
17338,23,10,1940875.14,344
17339,100,2,29584.83,270
17340,15,16,1135029.94,357
17341,163,3,409315.58,209
17343,361,1,23684.48,0
17344,52,1,53359.89,0
17345,21,4,210779.21,181
17346,10,16,1271153.16,369
17347,92,1,66.3,0
17348,21,5,591181.41,283
17349,185,1,19130.97,0
17350,14,5,189312.68,42
17351,42,3,74979.92,237
17353,135,2,19675.77,25
17354,57,1,38467.04,0
17356,318,1,52428.92,0
17357,30,2,83214.71,0
17358,309,2,127208.52,52
17359,17,1,31980.79,0
17360,23,3,327937.58,166
17361,55,3,71268.29,242
17362,245,2,98495.77,70
17364,7,12,1111391.6,330
17365,19,8,1139954.57,320
17367,244,1,69244.46,0
17368,29,9,329908.76,314
17370,79,4,81134.32,96
17371,23,3,237793.22,343
17372,47,8,639586.76,321
17373,46,4,121425.41,272
17374,225,2,62737.71,62
17375,196,4,172241.68,171
17376,77,2,69296.46,240
17377,30,21,1064099.37,349
17379,17,1,211171.63,0
17381,15,30,295544.94,363
17382,71,1,3005.1,0
17383,10,1,118225.18,0
17384,25,2,38770.369999999995,199
17385,21,1,114080.3,0
17386,14,6,73919.28,157
17387,26,2,201609.59,13
17388,84,4,52867.92,209
17389,7,43,676400.36,338
17391,170,2,4815.84,0
17392,313,2,173515.02,51
17394,225,1,11644.85,0
17396,45,8,68990.59,332
17397,28,2,255883.43,0
17398,121,3,101840.18000000001,140
17400,132,5,515788.18,226
17402,11,13,145697.35,364
17403,42,1,75749.23,0
17404,10,18,536185.55,356
17405,7,5,231937.16,149
17406,336,5,284595.33,36
17408,169,1,9387.34,0
17409,191,2,20582.66,63
17410,22,5,169262.58,199
17411,18,4,124945.47,353
17412,9,7,167037.6,369
17414,50,2,15203.49,141
17415,86,1,27472.48,0
17416,36,9,752543.38,251
17418,48,2,60624.46,281
17419,17,14,494757.02999999997,355
17420,56,3,89444.6,323
17422,22,10,347920.69,279
17423,51,4,60134.65,172
17425,25,2,74718.52,41
17426,10,7,642019.26,277
17427,78,1,7951.08,0
17428,7,33,869551.35,368
17429,127,4,97558.82,98
17430,39,2,27456.510000000002,332
17431,319,1,103793.85,0
17432,24,2,134995.01,19
17433,94,1,135159.7,0
17434,8,9,359179.53,82
17436,8,2,32991.94,225
17438,253,2,48327.41,6
17440,154,5,22359.91,99
17442,35,10,394145.79,335
17443,226,1,2615.22,0
17444,154,3,324412.91,25
17446,183,2,9706.55,133
17447,46,2,95223.85,31
17448,151,1,6378.24,0
17449,8,8,699852.32,357
17450,14,55,1004926.3,359
17451,7,10,285359.26,104
17453,24,2,40225.32,46
17454,198,4,177156.26,167
17455,210,1,20724.85,0
17456,371,1,41681.51,0
17457,133,5,46392.09,212
17458,21,1,142636.84,0
17459,49,2,296149.1,16
17460,85,8,120294.73,294
17461,29,3,319008.63,6
17462,57,3,82586.67,232
17463,22,6,533952.4400000001,296
17464,164,1,17302.98,0
17466,16,2,102867.8,68
17468,16,2,20184.21,4
17469,22,6,196506.54,188
17470,51,5,182510.7,323
17472,197,3,424737.12,108
17475,85,1,55597.29,0
17480,80,2,98955.84,3
17481,10,5,224097.49,90
17483,71,3,50396.67,117
17486,267,1,59962.86,0
17489,65,2,82951.21,153
17490,7,11,268742.16,175
17491,7,11,290186.78,366
17492,254,1,22621.9,0
17495,14,2,52760.32,31
17496,365,1,33729.4,0
17498,82,1,48214.79,0
17499,296,1,97095.61,0
17500,23,3,15231.43,12
17501,227,2,48891.36,0
17502,15,4,60087.07,19
17503,9,2,125194.20999999999,35
17504,212,10,343555.87,116
17505,168,2,121747.52,44
17506,76,2,39342.85,5
17507,268,2,181854.25,47
17508,287,1,72271.73,0
17509,64,11,911213.94,5
17510,31,1,51387.62,0
17511,9,46,2694215.53,370
17512,35,11,256457.98,272
17513,78,1,15572.66,0
17514,134,1,89693.67,0
17515,37,4,224326.1,286
17516,21,5,410222.79,270
17517,315,1,28060.93,0
17519,23,7,209684.17,351
17520,60,1,56616.170000000006,0
17521,30,4,103983.64,174
17522,8,5,180471.2,216
17523,17,4,88500.3,7
17524,367,1,19165.2,0
17525,366,1,16933.18,0
17526,7,8,39335.49,364
17527,60,6,122556.23,164
17528,7,11,701110.82,70
17530,7,10,1019113.43,363
17531,127,2,46836.909999999996,69
17534,60,1,15750.42,0
17535,286,1,21945.19,0
17536,183,1,6772.4800000000005,0
17537,36,2,192362.22,273
17538,32,1,48081.1,0
17540,15,3,72731.98,307
17542,276,1,64057.95,0
17545,49,3,340073.95,0
17547,378,1,8962.560000000001,0
17548,224,3,38052.22,155
17549,30,2,12089.859999999999,27
17550,203,3,126914.01999999999,45
17551,365,1,103078.7,0
17552,49,6,102728.31999999999,329
17553,136,1,4390.38,0
17554,7,5,211631.23,146
17555,26,2,279685.61,314
17556,212,1,11950.58,0
17557,20,3,90772.92,66
17560,101,5,48482.62,215
17561,25,1,100712.4,0
17562,20,8,162255.98,159
17564,30,3,129585.38,55
17566,14,2,387501.13,17
17567,13,10,463140.97,365
17569,338,1,77704.92,0
17571,56,4,726667.54,248
17572,77,4,22925.010000000002,302
17573,35,4,58993.899999999994,64
17574,249,1,5990.759999999999,0
17576,14,22,1080717.72,357
17578,197,2,11245.949999999999,27
17579,11,4,128888.09,174
17580,259,3,108082.5,105
17581,7,31,1078573.71,371
17582,242,1,74499.59,0
17584,13,3,90010.20999999999,120
17585,115,4,512677.34,228
17588,106,3,64590.01,132
17589,66,4,600603.42,180
17590,8,3,536682.95,37
17591,79,8,380252.83,293
17593,10,6,565412.99,349
17594,91,2,134371.46,169
17595,18,2,238624.22,24
17596,29,7,633376.56,345
17597,220,1,174036.99,0
17600,24,1,23505.22,0
17601,245,1,24428.04,0
17602,8,8,1394648.66,321
17603,56,5,31509.89,217
17604,223,2,172728.52,94
17608,39,2,125127.58,0
17609,47,6,597639.71,286
17611,10,19,1510960.17,357
17612,59,10,367124.49,244
17613,29,17,761064.05,282
17614,63,1,252114.28,0
17615,136,3,28463.989999999998,91
17616,180,3,7291.39,194
17618,12,3,187470.7,356
17619,318,1,207236.47,0
17620,66,1,5988.09,0
17621,27,4,78292.82,333
17623,39,1,77754.93,0
17624,21,2,134660.05,203
17625,24,4,681756.25,239
17628,87,1,10163.220000000001,0
17629,12,9,342782.43,354
17630,176,2,47913.01,62
17631,8,3,97493.70999999999,230
17633,37,6,158204.98,327
17634,42,9,727764.4,301
17636,15,2,53357.69,10
17637,37,2,96126.63,83
17639,282,1,17034.510000000002,0
17640,93,1,3255.67,0
17642,126,2,116986.08,56
17643,379,1,23807.45,0
17644,7,17,439656.16,320
17646,225,4,148322.7,145
17647,71,1,11116.18,0
17648,67,5,249111.6,188
17649,141,2,139823.01,3
17650,27,1,20254.54,0
17651,18,14,568645.5,165
17652,31,18,628312.83,255
17653,35,5,121303.02,90
17654,283,1,69369.24,0
17655,17,8,221954.44,355
17656,79,5,194436.42,55
17658,17,3,64527.52,200
17659,10,14,362199.39,368
17660,147,1,112543.08,0
17663,32,9,210414.29,261
17664,25,2,99993.18000000001,193
17666,10,2,36487.94,61
17667,72,5,326794.11,232
17668,7,2,34543.21,36
17669,49,7,172682.78,206
17670,234,1,13979.24,0
17671,22,6,139983.3,349
17672,50,4,315031.35,265
17673,7,7,589370.5,318
17674,80,2,63015.89,294
17675,7,41,1728225.88,366
17676,10,7,204656.51,362
17677,8,43,857037.03,367
17678,270,1,36296.99,0
17679,59,2,80405.0,32
17680,30,1,25145.64,0
17682,16,7,250960.18,358
17684,50,1,34750.42,0
17685,23,7,361814.18,355
17686,13,7,700944.21,295
17690,36,16,663235.62,342
17691,364,2,57831.130000000005,10
17692,133,5,115418.72,232
17693,142,3,53270.95,1
17694,148,1,39415.59,0
17695,138,2,116508.73,39
17696,44,14,352834.62,326
17697,242,1,34474.01,0
17698,267,1,22320.99,0
17700,23,6,385755.14,348
17701,259,1,72379.18000000001,0
17702,36,6,236729.44,335
17703,41,3,155952.5,103
17704,175,2,74981.93,71
17705,9,10,272441.83,298
17706,10,22,1006159.08,362
17707,191,2,18181.65,151
17708,194,2,93886.68,137
17709,176,1,10625.74,0
17711,17,2,71778.61,279
17712,51,1,69394.79000000001,0
17714,327,1,18238.8,0
17715,207,1,1073.76,0
17716,29,12,685350.78,245
17718,238,1,16024.849999999999,0
17719,44,18,741683.48,217
17720,32,4,113791.64,341
17722,102,6,287668.12,270
17723,133,6,31333.23,87
17724,64,4,112167.93000000001,80
17725,22,14,483362.21,250
17727,15,2,178043.25,5
17728,10,5,426128.54,82
17730,9,15,517294.35,323
17731,85,5,207591.21,104
17732,379,1,40897.71,0
17733,45,2,91398.16,222
17734,60,3,93009.55,180
17735,8,19,1700952.31,365
17736,15,4,54810.29,104
17737,15,2,19753.24,49
17738,25,5,221238.84,262
17739,18,8,135341.31,348
17742,119,2,25436.18,219
17744,10,7,348364.64,354
17746,241,2,21587.14,5
17747,106,2,8057.360000000001,12
17749,184,2,73391.03,78
17750,11,9,509787.64,158
17752,365,1,1732.4,0
17754,7,6,233869.59,259
17757,7,31,1925692.31,370
17758,25,8,1043499.16,230
17759,23,3,290707.05,152
17760,28,2,76273.33,351
17761,39,1,52386.86,0
17763,269,1,200.42,0
17764,57,2,166857.47,160
17765,165,3,140451.59,98
17767,21,1,50919.840000000004,0
17768,14,3,236918.04,157
17769,19,12,808292.76,308
17770,205,5,101500.05,83
17771,63,2,115753.41,266
17772,17,2,147618.07,0
17774,103,5,412423.92,208
17775,261,1,4526.52,0
17777,31,3,513828.57,75
17779,27,5,178053.64,122
17781,165,2,21651.73,93
17783,78,2,161597.9,175
17785,59,1,45245.08,0
17786,91,2,152129.63,231
17787,159,4,319224.73,218
17788,80,2,9754.79,55
17789,287,1,17211.62,0
17790,33,14,516844.11,338
17791,36,1,25132.98,0
17793,31,1,135550.26,0
17795,186,2,115254.98,85
17796,46,4,223248.01,329
17797,28,3,290660.45,160
17799,28,11,1161581.41,339
17800,43,9,259824.94,296
17802,88,4,404328.86,290
17805,80,1,25607.46,0
17806,17,1,127118.16,0
17809,22,15,158947.02,357
17811,10,51,2128045.91,329
17812,19,4,313643.34,355
17813,20,7,1042428.65,57
17816,43,4,47911.68,328
17817,10,3,79222.91,272
17819,78,8,129806.38,299
17820,197,2,7747.85,167
17824,57,1,27350.27,0
17827,11,5,553286.2,359
17828,15,9,199128.31,176
17829,305,1,71544.51,0
17830,8,3,56420.490000000005,287
17831,39,1,6024.15,0
17832,56,1,151928.74,0
17835,9,3,170502.1,20
17836,53,1,57345.88,0
17837,48,10,475507.93,120
17838,33,6,345023.92,345
17839,48,1,142849.9,0
17841,8,169,20383830.65,371
17843,309,1,112466.42,0
17844,113,1,6058.58,0
17846,91,1,1742.04,0
17848,87,9,114709.88,276
17849,224,4,47903.54,115
17850,308,35,825197.91,71
17852,18,2,36422.57,0
17854,191,2,26846.46,41
17855,379,1,28965.41,0
17856,8,6,25779.07,279
17857,9,25,132106.46,362
17858,12,12,491356.93,363
17859,311,1,75663.28,0
17860,375,1,168547.07,0
17861,9,9,572742.58,316
17862,330,1,33153.89,0
17863,65,6,324769.46,310
17864,19,3,279920.3,262
17865,37,27,952872.31,333
17866,149,2,22252.23,0
17867,36,8,190620.48,258
17869,113,5,98487.2,260
17870,8,13,703657.85,364
17871,211,1,23170.489999999998,0
17873,86,6,117909.33,293
17874,191,7,100878.44,70
17877,176,1,36416.229999999996,0
17878,50,1,77970.51,0
17879,180,1,20029.7,0
17880,371,1,62830.02,0
17881,310,1,18349.33,0
17883,9,4,388378.58,242
17884,10,4,307942.15,367
17885,18,1,142862.12,0
17886,38,3,301989.51,217
17887,135,1,24517.55,0
17888,25,10,194285.84,338
17889,218,2,68638.27,109
17890,329,2,229387.38,38
17891,168,1,94405.46,0
17892,62,3,61617.439999999995,99
17893,231,1,45826.78,0
17894,78,8,463640.04,294
17895,50,1,27989.93,0
17896,29,1,6106.7,0
17897,179,4,324913.05,200
17898,91,2,61736.89,121
17899,165,1,70363.12,0
17900,171,4,27290.64,25
17901,35,1,54638.52,0
17904,27,2,91541.03,0
17905,77,4,87955.53,302
17906,253,1,38680.71,0
17908,380,1,145427.69,0
17911,15,1,119208.47,0
17912,316,6,94146.09,54
17913,65,2,142101.65,296
17914,10,1,235170.09,0
17917,51,3,229850.85,317
17919,94,1,57981.95,0
17920,10,17,1762075.52,369
17921,70,4,375827.09,202
17923,288,1,3403.08,0
17924,7,13,102969.41,372
17925,379,1,5736.0,0
17926,139,2,46557.49,70
17928,51,2,60130.44,200
17929,17,5,23096.17,297
17930,42,5,94428.99,203
17931,140,2,155541.28,121
17932,35,3,245851.04,182
17934,58,2,61485.69,7
17935,144,2,74377.09,3
17936,11,1,199458.41,0
17937,15,7,127301.11,353
17939,166,1,38106.8,0
17940,55,14,66767.14,253
17941,137,1,4358.73,0
17942,14,1,6800.530000000001,0
17946,239,2,47295.54,26
17947,43,1,27438.06,0
17948,153,1,5508.36,0
17949,7,52,156409.9,370
17950,78,4,188426.83,293
17951,46,4,49874.2,333
17954,11,16,1193412.52,365
17955,205,4,57774.36,20
17956,255,1,1945.82,0
17957,72,1,71943.22,0
17958,123,1,11296.29,0
17960,177,1,70777.75,0
17961,27,39,615597.99,350
17962,148,1,95055.59999999999,0
17964,38,2,254527.74,340
17965,44,14,890544.02,331
17966,44,5,183924.8,223
17967,378,1,102114.46,0
17968,380,1,237683.18,0
17969,172,2,55263.54,194
17970,217,1,84616.22,0
17972,248,1,85101.15,0
17973,58,1,28196.7,0
17974,31,3,441527.56,194
17975,21,14,764383.97,351
17976,378,1,169425.52,0
17977,35,1,40528.56,0
17978,371,1,26684.19,0
17979,42,5,386020.4,224
17980,172,3,83057.85,193
17984,151,1,93198.34,0
17985,28,1,83175.1,0
17986,62,1,1530.49,0
17987,191,1,38376.37,0
17988,18,8,87473.8,314
17990,243,3,61610.23,124
17991,231,2,14644.019999999999,0
17994,128,6,218243.37,169
17995,288,1,2886.32,0
17997,80,12,446439.94,89
17999,43,2,239640.96,329
18001,18,2,138649.98,74
18004,368,1,108107.7,0
18005,10,2,159103.96,43
18006,29,1,59739.91,0
18008,76,9,82365.99,248
18009,241,2,81975.39,0
18010,263,1,54370.9,0
18011,379,1,62412.29,0
18013,161,2,111841.15,0
18014,34,1,78195.6,0
18015,10,1,130988.73,0
18016,38,5,338347.94,331
18017,87,3,5000.92,229
18018,114,2,76431.58,91
18019,58,1,14469.8,0
18022,42,1,494936.72000000003,0
18024,159,3,70216.86,0
18027,105,1,49421.54,0
18030,10,3,21563.13,38
18032,340,1,17221.940000000002,0
18033,71,1,104185.62,0
18034,28,2,307479.54,0
18035,42,3,164684.35,7
18036,38,3,228174.44,213
18037,160,6,38405.67,207
18040,25,2,53359.89,226
18041,18,22,1181027.09,361
18042,60,1,13855.14,0
18043,31,3,300001.19,342
18044,10,11,318799.68,356
18045,51,1,161970.28,0
18048,209,2,15684.77,0
18050,365,1,13310.160000000002,0
18053,72,2,70952.14,4
18055,13,11,928894.76,362
18056,294,1,45827.09,0
18058,16,1,11689.82,0
18059,15,4,58751.64,58
18061,28,10,139770.47,344
18062,179,3,70783.06,164
18064,139,2,10052.84,102
18065,12,15,407699.99,358
18066,81,1,27416.96,0
18067,46,1,94531.76000000001,0
18068,295,1,1801.58,0
18069,32,7,1315410.21,301
18071,264,2,59968.96,108
18072,161,2,88714.01,30
18073,120,13,171900.42,82
18074,380,1,29052.6,0
18075,29,14,478465.21,337
18077,14,11,642723.15,358
18078,223,2,53914.64,41
18079,51,4,330448.43,193
18080,25,2,3063.86,223
18081,42,3,51948.74,97
18082,32,1,195392.69,0
18084,22,2,5056.04,284
18085,336,2,65993.99,43
18086,280,1,25214.95,0
18087,104,4,26018.39,203
18088,67,1,108617.78,0
18092,8,12,269154.94,363
18093,99,5,122690.98,209
18094,88,7,172598.56,210
18095,319,2,49362.94,20
18096,18,3,524103.75,52
18097,14,7,315981.36,346
18099,133,1,44667.33,0
18101,17,2,124660.15,132
18102,7,62,1101268.88,366
18104,43,1,101963.31,0
18105,44,1,49974.92,0
18106,336,1,79437.82,0
18108,255,2,41895.41,5
18109,8,31,1146932.74,368
18110,25,2,119227.15,0
18112,18,2,74339.01,154
18113,375,1,2354.2799999999997,0
18114,296,1,77109.28,0
18116,74,8,971166.6799999999,296
18117,32,1,197462.37,0
18118,17,31,3319927.44,358
18119,374,1,73804.51,0
18120,220,1,44658.96,0
18121,155,2,73291.68,5
18122,14,6,920006.33,142
18123,30,2,102784.49,7
18125,36,5,523393.73,286
18126,67,1,130846.6,0
18127,25,3,128603.56,114
18129,249,1,33432.770000000004,0
18130,15,4,185579.95,48
18133,217,2,1449.9,1
18135,35,5,42710.0,161
18136,69,4,106484.88,256
18138,301,1,31686.420000000002,0
18139,23,8,417459.65,1
18141,367,1,2260.5,0
18142,157,4,50819.31,64
18143,123,2,174409.31,25
18144,14,12,95915.15,365
18145,19,4,591394.01,299
18146,147,2,24384.6,79
18147,52,2,14953.1,62
18149,57,3,34480.54,222
18150,38,3,97441.13,169
18151,141,2,92531.33,155
18154,9,2,44845.49,40
18155,81,4,83087.44,216
18156,19,2,404331.35,356
18158,15,3,113536.02,79
18159,307,1,63732.05,0
18160,63,2,111159.75,143
18161,16,6,267260.98,309
18164,37,2,61565.53,6
18165,183,1,23716.72,0
18167,10,6,121570.24,101
18168,182,9,336247.53,196
18169,67,1,25907.16,0
18170,39,3,100619.23,183
18171,65,7,156994.18,274
18172,21,25,485447.89,279
18173,93,4,71049.62,187
18174,13,1,3308.5,0
18176,360,2,73393.89,4
18177,37,7,178956.34,224
18178,120,6,288185.47000000003,250
18179,15,6,231193.94,327
18180,11,6,279748.48,137
18181,30,1,128786.49,0
18183,224,6,97791.96,56
18184,21,1,6386.04,0
18185,255,1,50087.91,0
18188,21,4,196587.91,275
18189,84,3,164194.76,190
18190,198,3,37717.4,138
18191,268,1,21188.9,0
18192,78,1,99928.01,0
18193,157,3,54838.1,215
18194,70,2,25933.32,18
18196,101,2,312164.07,195
18198,10,21,407944.69,332
18200,112,1,89047.34,0
18202,206,3,176057.88,111
18203,163,1,77032.56,0
18204,77,4,515839.33,121
18205,42,2,83273.68,38
18209,35,1,24284.87,0
18210,8,6,325715.5,265
18211,32,5,109208.97,252
18212,332,1,107477.44,0
18213,243,1,38529.7,0
18215,95,1,35064.42,0
18216,37,1,101800.01,0
18217,35,2,61878.81,41
18218,212,4,76770.12,75
18219,9,11,308453.4,366
18220,226,2,13490.35,7
18221,28,6,164636.29,189
18222,99,1,42812.68,0
18223,8,27,770695.42,356
18224,270,1,29955.219999999998,0
18225,9,17,753284.92,368
18226,45,14,687958.6,299
18227,224,1,16681.26,0
18228,56,3,80424.61,29
18229,18,20,372558.19,361
18230,15,10,224788.08,355
18231,198,6,309883.24,96
18232,88,5,92758.02,115
18233,332,1,626.64,0
18235,78,3,291665.84,145
18236,36,6,134095.85,210
18237,9,5,140439.6,131
18239,225,5,215335.63,153
18240,52,1,7396.959999999999,0
18241,16,18,234009.41,208
18242,78,4,194455.69,141
18245,13,8,457529.32,347
18246,30,2,12329.9,209
18248,120,4,120057.19,72
18249,23,1,16405.1,0
18250,307,2,57470.42,9
18251,93,1,35967.63,0
18252,57,2,247027.65,121
18255,95,1,7525.37,0
18256,361,1,3317.66,0
18257,45,12,305227.79,256
18259,31,3,126425.4,341
18260,179,8,349885.06,185
18261,49,2,45067.130000000005,52
18262,146,1,26389.84,0
18263,29,4,182294.87,229
18265,78,2,121154.99,85
18268,140,2,2341.13,0
18269,364,2,18542.07,8
18270,44,3,32365.39,228
18272,9,7,445784.29,244
18273,8,3,4533.1,255
18274,24,2,67407.74,12
18276,27,3,36314.43,22
18277,64,2,23298.350000000002,260
18278,80,1,21841.57,0
18280,284,1,18907.36,0
18281,187,1,26009.01,0
18282,14,3,36010.74,118
18283,10,16,2008747.62,333
18287,49,3,209057.23,158
